,Parameter,Galaxy Name,Estimate,CI68_low,CI68_high,CI95_low,CI95_high,Est_in_CI68?,Est_in_CI95?,Est_at_lower?,Est_at_upper?,P(lower),P(upper),P(lower)>50%?,P(upper)>50%?,n_local_maxima,Index_of_peak
3,AGNFRAC,rf0002,0.78947,0.23684000000000002,0.89474,0.052629999999999996,inf,Y,Y,N,N,0.02404,0.06373,N,N,2,30
4,LOGQ,rf0002,5.92437,5.83226,6.15463,5.78621,6.24674,Y,Y,N,N,0.0,0.0,N,N,2,26
5,LOGZ,rf0002,-0.24704,-0.5,-0.07841000000000001,-0.7108,0.09022999999999999,Y,Y,N,N,4e-05,0.0004,N,N,1,25
42,AGNFRAC,rf0022,0.44737,0.36841999999999997,0.65789,0.26316,0.84211,Y,Y,N,N,0.0,0.00379,N,N,1,17
43,LOGQ,rf0022,6.15463,6.062530000000001,6.20068,5.97042,6.24674,Y,Y,N,N,0.0,0.0,N,N,1,31
44,LOGZ,rf0022,-0.24704,-0.37351999999999996,-0.03625,-0.5421600000000001,0.13239,Y,Y,N,N,0.0,0.00091,N,N,1,25
51,AGNFRAC,rf0025,1.0,0.9736799999999999,inf,0.9736799999999999,inf,Y,Y,N,Y,0.0,0.99989,N,Y,1,38
52,LOGQ,rf0025,5.83226,5.7401599999999995,5.8783199999999995,5.7401599999999995,5.92437,Y,Y,N,N,0.0,0.0,N,N,1,24
53,LOGZ,rf0025,-0.16272,-0.24704,-0.03625,-0.37351999999999996,0.04807,Y,Y,N,N,0.0,0.0,N,N,1,27
66,AGNFRAC,rf0032,0.0,-inf,0.15789,-inf,0.28947,Y,Y,Y,N,0.44237,4e-05,N,N,1,0
67,LOGQ,rf0032,6.062530000000001,5.97042,6.20068,5.92437,6.24674,Y,Y,N,N,0.0,2e-05,N,N,1,29
68,LOGZ,rf0032,-0.33136,-0.62648,-0.12055999999999999,-0.9215899999999999,0.04807,Y,Y,N,N,0.00201,0.00057,N,N,1,23
102,AGNFRAC,rf0057,0.052629999999999996,0.02632,0.21053000000000002,-inf,0.34210999999999997,Y,Y,Y,N,0.25725,1e-05,N,N,1,2
103,LOGQ,rf0057,6.20068,6.10858,6.29279,6.01647,6.33884,Y,Y,N,N,0.0,0.0012,N,N,1,32
104,LOGZ,rf0057,-0.24704,-0.41568,-0.03625,-0.58432,0.13239,Y,Y,N,N,0.0,0.0013800000000000002,N,N,1,25
108,AGNFRAC,rf0059,1.0,0.7368399999999999,0.9736799999999999,0.57895,inf,N,Y,N,Y,0.0,0.25058,N,N,1,38
109,LOGQ,rf0059,5.83226,5.7401599999999995,5.97042,5.69411,6.062530000000001,Y,Y,N,N,0.0,0.0,N,N,1,24
110,LOGZ,rf0059,-0.66864,-1.04807,-0.45783999999999997,-1.2588700000000002,-0.24704,Y,Y,N,N,0.03559,0.0,N,N,1,15
114,AGNFRAC,rf0061,0.0,-inf,0.23684000000000002,-inf,0.47368000000000005,Y,Y,Y,N,0.33247,0.00033999999999999997,N,N,1,0
115,LOGQ,rf0061,6.15463,6.062530000000001,6.24674,5.97042,6.33884,Y,Y,N,N,0.0,0.00103,N,N,1,31
116,LOGZ,rf0061,-0.5421600000000001,-0.96375,-0.2892,-1.21671,-0.03625,Y,Y,N,N,0.02459,0.00025,N,N,1,18
141,AGNFRAC,rf0075,1.0,0.84211,inf,0.63158,inf,Y,Y,N,Y,0.0,0.48671000000000003,N,N,1,38
142,LOGQ,rf0075,5.97042,5.8783199999999995,6.062530000000001,5.83226,6.15463,Y,Y,N,N,0.0,0.0,N,N,1,27
143,LOGZ,rf0075,-0.24704,-0.45783999999999997,-0.03625,-0.66864,0.13239,Y,Y,N,N,2.9999999999999997e-05,0.0018399999999999998,N,N,1,25
180,AGNFRAC,rf0106,0.13158,0.07895,0.5,-inf,0.78947,Y,Y,N,N,0.10015,0.00358,N,N,1,5
181,LOGQ,rf0106,6.24674,6.15463,6.33884,6.10858,6.38489,Y,Y,N,N,0.0,0.00627,N,N,1,33
182,LOGZ,rf0106,-0.9215899999999999,-1.17455,-0.62648,-inf,-0.37351999999999996,Y,Y,N,N,0.08614,1e-05,N,N,1,9
198,AGNFRAC,rf0113,0.34210999999999997,0.23684000000000002,0.5526300000000001,0.15789,0.78947,Y,Y,N,N,0.00031,0.00275,N,N,1,13
199,LOGQ,rf0113,6.15463,6.062530000000001,6.24674,5.97042,6.29279,Y,Y,N,N,0.0,1e-05,N,N,1,31
200,LOGZ,rf0113,0.09022999999999999,-0.12055999999999999,0.17455,-0.24704,0.25887,Y,Y,N,N,0.0,0.03955,N,N,1,33
201,AGNFRAC,rf0115,1.0,0.21053000000000002,0.9736799999999999,0.10525999999999999,inf,N,Y,N,Y,0.0041,0.24514,N,N,2,38
202,LOGQ,rf0115,5.83226,5.78621,6.15463,5.7401599999999995,6.20068,Y,Y,N,N,0.0,0.0,N,N,2,24
203,LOGZ,rf0115,0.09022999999999999,-0.20488,0.17455,-0.33136,0.21670999999999999,Y,Y,N,N,0.0,0.01346,N,N,1,33
204,AGNFRAC,rf0117,0.0,0.02632,0.26316,-inf,0.44737,N,Y,Y,N,0.27457,0.0001,N,N,1,0
205,LOGQ,rf0117,6.20068,6.10858,6.24674,6.062530000000001,6.29279,Y,Y,N,N,0.0,0.0,N,N,1,32
206,LOGZ,rf0117,-1.00591,-1.21671,-0.66864,-inf,-0.41568,Y,Y,N,N,0.11373,2e-05,N,N,1,7
228,AGNFRAC,rf0128,0.0,-inf,0.18420999999999998,-inf,0.39474000000000004,Y,Y,Y,N,0.43381000000000003,0.00025,N,N,1,0
229,LOGQ,rf0128,6.20068,6.062530000000001,6.29279,5.97042,6.33884,Y,Y,N,N,0.0,0.00119,N,N,1,32
230,LOGZ,rf0128,-0.5421600000000001,-0.96375,-0.2892,-1.2588700000000002,-0.07841000000000001,Y,Y,N,N,0.02578,0.0002,N,N,1,18
237,AGNFRAC,rf0133,0.5526300000000001,0.47368000000000005,0.7631600000000001,0.36841999999999997,0.92105,Y,Y,N,N,0.0,0.013340000000000001,N,N,1,21
238,LOGQ,rf0133,6.20068,6.062530000000001,6.24674,5.97042,6.29279,Y,Y,N,N,0.0,0.0,N,N,1,32
239,LOGZ,rf0133,-0.07841000000000001,-0.20488,0.09022999999999999,-0.33136,0.21670999999999999,Y,Y,N,N,0.0,0.00496,N,N,1,29
246,AGNFRAC,rf0139,0.5526300000000001,0.44737,0.7631600000000001,0.34210999999999997,0.94737,Y,Y,N,N,0.0,0.01517,N,N,1,21
247,LOGQ,rf0139,6.062530000000001,5.97042,6.15463,5.8783199999999995,6.24674,Y,Y,N,N,0.0,0.0,N,N,2,29
248,LOGZ,rf0139,0.25887,0.21670999999999999,inf,0.17455,inf,Y,Y,N,Y,0.0,0.8520399999999999,N,Y,1,37
264,AGNFRAC,rf0149,0.21053000000000002,0.13158,0.42105,0.07895,0.65789,Y,Y,N,N,0.00719,0.00095,N,N,1,8
265,LOGQ,rf0149,6.01647,5.83226,6.10858,5.69411,6.20068,Y,Y,N,N,1e-05,0.0,N,N,1,28
266,LOGZ,rf0149,0.17455,-0.07841000000000001,0.21670999999999999,-0.24704,inf,Y,Y,N,Y,0.0,0.15399000000000002,N,N,1,35
270,AGNFRAC,rf0151,0.0,0.02632,0.34210999999999997,-inf,0.7368399999999999,N,Y,Y,N,0.26511999999999997,0.00312,N,N,1,0
271,LOGQ,rf0151,6.01647,5.92437,6.15463,5.83226,6.24674,Y,Y,N,N,0.0,0.0,N,N,1,28
272,LOGZ,rf0151,-1.30103,-1.2588700000000002,-0.7108,-inf,-0.33136,N,Y,Y,N,0.20174,8e-05,N,N,1,0
318,AGNFRAC,rf0174,0.02632,-inf,0.13158,-inf,0.23684000000000002,Y,Y,Y,N,0.45009,1e-05,N,N,1,1
319,LOGQ,rf0174,6.10858,6.01647,6.20068,5.97042,6.29279,Y,Y,N,N,0.0,0.00013000000000000002,N,N,1,30
320,LOGZ,rf0174,-0.12055999999999999,-0.2892,0.09022999999999999,-0.41568,0.17455,Y,Y,N,N,0.0,0.00447,N,N,1,28
327,AGNFRAC,rf0177,0.052629999999999996,0.02632,0.26316,-inf,0.47368000000000005,Y,Y,Y,N,0.22391,0.00022999999999999998,N,N,1,2
328,LOGQ,rf0177,6.24674,6.10858,6.29279,6.01647,6.38489,Y,Y,N,N,0.0,0.00314,N,N,1,33
329,LOGZ,rf0177,-0.7108,-1.09023,-0.5421600000000001,-1.2588700000000002,-0.2892,Y,Y,N,N,0.04541,1e-05,N,N,1,14
342,AGNFRAC,rf0190,0.89474,0.44737,0.92105,0.23684000000000002,inf,Y,Y,N,N,0.0005099999999999999,0.09208,N,N,1,34
343,LOGQ,rf0190,6.24674,6.062530000000001,6.29279,5.97042,6.33884,Y,Y,N,N,0.0,5.9999999999999995e-05,N,N,1,33
344,LOGZ,rf0190,-0.62648,-0.96375,-0.33136,-1.21671,0.00591,Y,Y,N,N,0.01885,0.00256,N,N,2,16
348,AGNFRAC,rf0192,0.0,-inf,0.15789,-inf,0.31579,Y,Y,Y,N,0.4608,5.9999999999999995e-05,N,N,1,0
349,LOGQ,rf0192,6.10858,5.97042,6.20068,5.92437,6.24674,Y,Y,N,N,0.0,0.0,N,N,1,30
350,LOGZ,rf0192,-0.66864,-1.13239,-0.45783999999999997,-inf,-0.20488,Y,Y,N,N,0.06385,0.00014,N,N,1,15
381,AGNFRAC,rf0210,0.0,-inf,0.23684000000000002,-inf,0.47368000000000005,Y,Y,Y,N,0.3243,0.0005099999999999999,N,N,1,0
382,LOGQ,rf0210,6.15463,6.062530000000001,6.24674,5.97042,6.29279,Y,Y,N,N,0.0,0.0,N,N,1,31
383,LOGZ,rf0210,-1.00591,-1.17455,-0.62648,-inf,-0.37351999999999996,Y,Y,N,N,0.0965,2e-05,N,N,1,7
390,AGNFRAC,rf0218,0.0,0.02632,0.28947,-inf,0.57895,N,Y,Y,N,0.2635,0.00099,N,N,1,0
391,LOGQ,rf0218,6.24674,6.15463,6.38489,6.062530000000001,6.43095,Y,Y,N,N,0.0,0.06827000000000001,N,N,1,33
392,LOGZ,rf0218,-0.5421600000000001,-0.9215899999999999,-0.2892,-1.21671,-0.03625,Y,Y,N,N,0.01754,0.00029,N,N,1,18
393,AGNFRAC,rf0221,0.5,0.42105,0.63158,0.34210999999999997,0.78947,Y,Y,N,N,0.0,0.00179,N,N,1,19
394,LOGQ,rf0221,6.10858,6.062530000000001,6.20068,6.01647,6.24674,Y,Y,N,N,0.0,0.0,N,N,1,30
395,LOGZ,rf0221,0.25887,0.17455,inf,0.13239,inf,Y,Y,N,Y,0.0,0.76872,N,Y,1,37
411,AGNFRAC,rf0233,0.28947,0.21053000000000002,0.47368000000000005,0.15789,0.8684200000000001,Y,Y,N,N,2e-05,0.01205,N,N,2,11
412,LOGQ,rf0233,6.10858,6.01647,6.20068,5.8783199999999995,6.29279,Y,Y,N,N,0.0,2.9999999999999997e-05,N,N,1,30
413,LOGZ,rf0233,0.21670999999999999,0.13239,inf,0.04807,inf,Y,Y,N,Y,0.0,0.5168699999999999,N,Y,1,36
423,AGNFRAC,rf0238,1.0,0.78947,inf,0.052629999999999996,inf,Y,Y,N,Y,0.02307,0.44516000000000006,N,N,2,38
424,LOGQ,rf0238,5.78621,5.69411,5.8783199999999995,5.64805,6.15463,Y,Y,N,N,0.0,0.0,N,N,2,23
425,LOGZ,rf0238,-0.66864,-1.00591,-0.45783999999999997,-1.2588700000000002,-0.24704,Y,Y,N,N,0.02658,1e-05,N,N,1,15
432,AGNFRAC,rf0244,0.5,0.34210999999999997,0.81579,0.18420999999999998,0.9736799999999999,Y,Y,N,N,0.00023999999999999998,0.030119999999999997,N,N,1,19
433,LOGQ,rf0244,6.20068,6.062530000000001,6.29279,5.92437,6.33884,Y,Y,N,N,0.0,0.0008699999999999999,N,N,1,32
434,LOGZ,rf0244,0.17455,-0.03625,0.25887,-0.16272,inf,Y,Y,N,Y,0.0,0.18186,N,N,1,35
465,AGNFRAC,rf0259,0.0,-inf,0.21053000000000002,-inf,0.42105,Y,Y,Y,N,0.34736,0.00018,N,N,1,0
466,LOGQ,rf0259,6.24674,6.062530000000001,6.29279,5.97042,6.33884,Y,Y,N,N,0.0,0.0016600000000000002,N,N,1,33
467,LOGZ,rf0259,-0.7108,-1.13239,-0.45783999999999997,-inf,-0.20488,Y,Y,N,N,0.06677000000000001,8e-05,N,N,1,14
468,AGNFRAC,rf0261,1.0,0.9736799999999999,inf,0.9736799999999999,inf,Y,Y,N,Y,0.0,0.99984,N,Y,1,38
469,LOGQ,rf0261,5.602,5.55595,5.69411,5.50989,5.69411,Y,Y,N,N,0.0,0.0,N,N,1,19
470,LOGZ,rf0261,0.04807,-0.12055999999999999,0.17455,-0.24704,0.21670999999999999,Y,Y,N,N,0.0,0.00011,N,N,1,32
498,AGNFRAC,rf0272,0.0,-inf,0.21053000000000002,-inf,0.34210999999999997,Y,Y,Y,N,0.36335,1e-05,N,N,1,0
499,LOGQ,rf0272,5.83226,5.7401599999999995,5.92437,5.64805,6.01647,Y,Y,N,N,0.0,0.0,N,N,1,24
500,LOGZ,rf0272,-0.5,-0.7951199999999999,-0.33136,-1.17455,-0.16272,Y,Y,N,N,0.01099,7e-05,N,N,1,19
516,AGNFRAC,rf0286,0.78947,0.63158,0.92105,0.5,inf,Y,Y,N,N,0.0,0.09137,N,N,1,30
517,LOGQ,rf0286,6.15463,6.062530000000001,6.20068,5.97042,6.24674,Y,Y,N,N,0.0,0.0,N,N,1,31
518,LOGZ,rf0286,0.17455,0.00591,0.21670999999999999,-0.07841000000000001,0.25887,Y,Y,N,Y,0.0,0.08674,N,N,1,35
519,AGNFRAC,rf0287,1.0,0.9736799999999999,inf,0.94737,inf,Y,Y,N,Y,0.0,0.98711,N,Y,1,38
520,LOGQ,rf0287,5.78621,5.7401599999999995,5.83226,5.69411,5.8783199999999995,Y,Y,N,N,0.0,0.0,N,N,1,23
521,LOGZ,rf0287,0.17455,0.04807,0.21670999999999999,-0.03625,0.21670999999999999,Y,Y,N,Y,0.0,0.01154,N,N,1,35
555,AGNFRAC,rf0309,0.15789,0.07895,0.26316,0.02632,0.36841999999999997,Y,Y,N,N,0.053970000000000004,0.0,N,N,1,6
556,LOGQ,rf0309,6.24674,6.20068,6.33884,6.15463,6.33884,Y,Y,N,N,0.0,0.00106,N,N,1,33
557,LOGZ,rf0309,-0.12055999999999999,-0.24704,0.04807,-0.37351999999999996,0.17455,Y,Y,N,N,0.0,0.0046700000000000005,N,N,1,28
558,AGNFRAC,rf0310,1.0,0.9736799999999999,inf,0.94737,inf,Y,Y,N,Y,0.0,0.9822,N,Y,1,38
559,LOGQ,rf0310,6.10858,6.01647,6.15463,5.92437,6.20068,Y,Y,N,N,0.0,0.0,N,N,2,30
560,LOGZ,rf0310,0.17455,0.09022999999999999,0.21670999999999999,0.00591,0.25887,Y,Y,N,Y,0.0,0.08672,N,N,1,35
564,AGNFRAC,rf0315,1.0,0.89474,inf,0.84211,inf,Y,Y,N,Y,0.0,0.65515,N,Y,1,38
565,LOGQ,rf0315,6.15463,6.10858,6.20068,6.062530000000001,6.24674,Y,Y,N,N,0.0,0.0,N,N,1,31
566,LOGZ,rf0315,0.21670999999999999,0.17455,0.25887,0.13239,inf,Y,Y,N,Y,0.0,0.62597,N,Y,1,36
585,AGNFRAC,rf0324,0.92105,0.78947,0.9736799999999999,0.71053,inf,Y,Y,N,Y,0.0,0.21899000000000002,N,N,1,35
586,LOGQ,rf0324,6.062530000000001,6.01647,6.15463,5.97042,6.20068,Y,Y,N,N,0.0,0.0,N,N,1,29
587,LOGZ,rf0324,0.13239,0.00591,0.17455,-0.12055999999999999,0.25887,Y,Y,N,N,0.0,0.0292,N,N,1,34
597,AGNFRAC,rf0329,0.02632,-inf,0.10525999999999999,-inf,0.15789,Y,Y,Y,N,0.56209,0.0,Y,N,1,1
598,LOGQ,rf0329,6.01647,5.92437,6.10858,5.83226,6.15463,Y,Y,N,N,0.0,0.0,N,N,1,28
599,LOGZ,rf0329,0.13239,-0.03625,0.21670999999999999,-0.16272,0.25887,Y,Y,N,N,0.0,0.06749,N,N,1,34
600,AGNFRAC,rf0331,0.0,-inf,0.18420999999999998,-inf,0.36841999999999997,Y,Y,Y,N,0.38079,7e-05,N,N,1,0
601,LOGQ,rf0331,6.01647,5.92437,6.10858,5.83226,6.20068,Y,Y,N,N,0.0,0.0,N,N,1,28
602,LOGZ,rf0331,-0.5,-0.8372799999999999,-0.2892,-1.17455,-0.07841000000000001,Y,Y,N,N,0.01475,0.00016999999999999999,N,N,1,19
615,AGNFRAC,rf0338,0.13158,0.07895,0.60526,-inf,0.89474,Y,Y,N,N,0.08217999999999999,0.01121,N,N,1,5
616,LOGQ,rf0338,5.8783199999999995,5.7401599999999995,5.97042,5.64805,6.062530000000001,Y,Y,N,N,0.0,0.0,N,N,1,25
617,LOGZ,rf0338,-1.13239,-1.21671,-0.66864,-inf,-0.41568,Y,Y,N,N,0.13026,2e-05,N,N,1,4
627,AGNFRAC,rf0342,0.0,0.02632,0.26316,-inf,0.5526300000000001,N,Y,Y,N,0.2729,0.00078,N,N,1,0
628,LOGQ,rf0342,6.29279,6.20068,6.38489,6.15463,6.43095,Y,Y,N,N,0.0,0.053360000000000005,N,N,1,34
629,LOGZ,rf0342,-0.58432,-1.00591,-0.37351999999999996,-1.2588700000000002,-0.16272,Y,Y,N,N,0.02603,0.00028,N,N,1,17
669,AGNFRAC,rf0367,0.0,-inf,0.21053000000000002,-inf,0.47368000000000005,Y,Y,Y,N,0.36762,0.00041,N,N,1,0
670,LOGQ,rf0367,5.97042,5.8783199999999995,6.01647,5.83226,6.10858,Y,Y,N,N,0.0,0.0,N,N,1,27
671,LOGZ,rf0367,-1.30103,-1.2588700000000002,-0.7108,-inf,-0.45783999999999997,N,Y,Y,N,0.17473,0.0,N,N,1,0
687,AGNFRAC,rf0376,0.052629999999999996,0.02632,0.23684000000000002,-inf,0.42105,Y,Y,Y,N,0.24406,0.00011999999999999999,N,N,1,2
688,LOGQ,rf0376,6.062530000000001,5.97042,6.15463,5.92437,6.20068,Y,Y,N,N,0.0,0.0,N,N,1,29
689,LOGZ,rf0376,-0.5,-0.7108,-0.2892,-0.96375,-0.07841000000000001,Y,Y,N,N,0.0015300000000000001,0.00016,N,N,1,19
714,AGNFRAC,rf0389,0.57895,0.44737,0.78947,0.34210999999999997,0.94737,Y,Y,N,N,0.0,0.02115,N,N,1,22
715,LOGQ,rf0389,6.15463,6.062530000000001,6.24674,6.01647,6.29279,Y,Y,N,N,0.0,0.0,N,N,1,31
716,LOGZ,rf0389,-0.20488,-0.37351999999999996,-0.03625,-0.5,0.13239,Y,Y,N,N,0.0,0.00082,N,N,1,26
717,AGNFRAC,rf0391,0.0,-inf,0.15789,-inf,0.28947,Y,Y,Y,N,0.49354,5.9999999999999995e-05,N,N,1,0
718,LOGQ,rf0391,6.062530000000001,5.92437,6.20068,5.8783199999999995,6.29279,Y,Y,N,N,0.0,0.0,N,N,1,29
719,LOGZ,rf0391,-0.5421600000000001,-1.00591,-0.37351999999999996,-1.2588700000000002,-0.12055999999999999,Y,Y,N,N,0.03721,0.00026000000000000003,N,N,1,18
723,AGNFRAC,rf0393,0.0,0.02632,0.26316,-inf,0.5,N,Y,Y,N,0.25942,0.00041,N,N,1,0
724,LOGQ,rf0393,5.64805,5.55595,5.7401599999999995,5.46384,5.78621,Y,Y,N,N,0.0,0.0,N,N,1,20
725,LOGZ,rf0393,-0.7108,-1.09023,-0.5,-inf,-0.2892,Y,Y,N,N,0.05649,1e-05,N,N,1,14
732,AGNFRAC,rf0397,0.13158,0.052629999999999996,0.23684000000000002,-inf,0.34210999999999997,Y,Y,N,N,0.12712,0.0,N,N,1,5
733,LOGQ,rf0397,6.01647,5.97042,6.10858,5.8783199999999995,6.20068,Y,Y,N,N,0.0,2e-05,N,N,1,28
734,LOGZ,rf0397,-0.03625,-0.16272,0.13239,-0.2892,0.21670999999999999,Y,Y,N,N,0.0,0.01051,N,N,1,30
750,AGNFRAC,rf0405,0.63158,0.52632,0.81579,0.42105,0.9736799999999999,Y,Y,N,N,0.0,0.025789999999999997,N,N,1,24
751,LOGQ,rf0405,6.15463,6.062530000000001,6.20068,5.97042,6.24674,Y,Y,N,N,0.0,0.0,N,N,1,31
752,LOGZ,rf0405,0.13239,-0.03625,0.21670999999999999,-0.16272,0.25887,Y,Y,N,N,0.0,0.046360000000000005,N,N,1,34
753,AGNFRAC,rf0411,1.0,0.92105,inf,0.8684200000000001,inf,Y,Y,N,Y,0.0,0.72577,N,Y,1,38
754,LOGQ,rf0411,5.27963,5.04937,5.41779,4.8651599999999995,5.50989,Y,Y,N,N,0.0062,0.0,N,N,1,12
755,LOGZ,rf0411,0.30103,0.25887,inf,0.21670999999999999,inf,Y,Y,N,Y,0.0,0.9958,N,Y,1,38
768,AGNFRAC,rf0418,0.0,0.02632,0.26316,-inf,0.5,N,Y,Y,N,0.25199,0.00045999999999999996,N,N,1,0
769,LOGQ,rf0418,6.15463,6.01647,6.24674,5.97042,6.33884,Y,Y,N,N,0.0,0.00216,N,N,1,31
770,LOGZ,rf0418,-0.33136,-0.62648,-0.12055999999999999,-0.87944,0.09022999999999999,Y,Y,N,N,0.00128,0.0007099999999999999,N,N,1,23
777,AGNFRAC,rf0426,0.0,-inf,0.34210999999999997,-inf,0.7631600000000001,Y,Y,Y,N,0.30779,0.00389,N,N,1,0
778,LOGQ,rf0426,5.7401599999999995,5.64805,5.8783199999999995,5.55595,6.10858,Y,Y,N,N,0.0,0.0,N,N,1,22
779,LOGZ,rf0426,-1.21671,-1.17455,-0.5,-inf,-0.03625,N,Y,Y,N,0.10640999999999999,0.0015,N,N,1,2
792,AGNFRAC,rf0432,0.0,-inf,0.15789,-inf,0.31579,Y,Y,Y,N,0.47576,8e-05,N,N,1,0
793,LOGQ,rf0432,6.24674,6.10858,6.29279,6.01647,6.33884,Y,Y,N,N,0.0,0.0017699999999999999,N,N,1,33
794,LOGZ,rf0432,-0.5421600000000001,-1.04807,-0.37351999999999996,-1.2588700000000002,-0.16272,Y,Y,N,N,0.0465,0.00016,N,N,1,18
801,AGNFRAC,rf0435,0.23684000000000002,0.15789,0.42105,0.07895,0.65789,Y,Y,N,N,0.00839,0.0013800000000000002,N,N,1,9
802,LOGQ,rf0435,6.20068,6.15463,6.29279,6.10858,6.33884,Y,Y,N,N,0.0,0.00218,N,N,2,32
803,LOGZ,rf0435,-0.24704,-0.41568,-0.07841000000000001,-0.5421600000000001,0.09022999999999999,Y,Y,N,N,0.0,0.00062,N,N,1,25
804,AGNFRAC,rf0436,0.0,-inf,0.18420999999999998,-inf,0.39474000000000004,Y,Y,Y,N,0.41403999999999996,0.00022,N,N,1,0
805,LOGQ,rf0436,5.83226,5.69411,5.97042,5.602,6.15463,Y,Y,N,N,0.0,0.0,N,N,1,24
806,LOGZ,rf0436,-0.5,-0.87944,-0.20488,-1.21671,0.04807,Y,Y,N,N,0.02267,0.0005099999999999999,N,N,1,19
819,AGNFRAC,rf0443,0.0,0.02632,0.31579,-inf,0.68421,N,Y,Y,N,0.2607,0.00255,N,N,1,0
820,LOGQ,rf0443,6.10858,5.92437,6.20068,5.83226,6.24674,Y,Y,N,N,0.0,0.0,N,N,1,30
821,LOGZ,rf0443,-1.30103,-1.21671,-0.7108,-inf,-0.41568,N,Y,Y,N,0.15045,2e-05,N,N,1,0
831,AGNFRAC,rf0449,0.0,0.02632,0.31579,-inf,0.63158,N,Y,Y,N,0.23417,0.00126,N,N,1,0
832,LOGQ,rf0449,6.062530000000001,5.92437,6.15463,5.83226,6.20068,Y,Y,N,N,0.0,0.0,N,N,1,29
833,LOGZ,rf0449,-1.09023,-1.21671,-0.58432,-inf,-0.2892,Y,Y,N,N,0.10708,2e-05,N,N,1,5
840,AGNFRAC,rf0454,0.0,-inf,0.15789,-inf,0.31579,Y,Y,Y,N,0.48658999999999997,7e-05,N,N,1,0
841,LOGQ,rf0454,6.10858,5.97042,6.20068,5.8783199999999995,6.24674,Y,Y,N,N,0.0,0.0,N,N,1,30
842,LOGZ,rf0454,-0.5421600000000001,-0.96375,-0.33136,-1.2588700000000002,-0.07841000000000001,Y,Y,N,N,0.031560000000000005,0.00016999999999999999,N,N,1,18
873,AGNFRAC,rf0467,0.0,-inf,0.18420999999999998,-inf,0.36841999999999997,Y,Y,Y,N,0.41358,7e-05,N,N,1,0
874,LOGQ,rf0467,6.24674,6.10858,6.33884,6.01647,6.43095,Y,Y,N,N,0.0,0.02897,N,N,1,33
875,LOGZ,rf0467,-0.5421600000000001,-0.96375,-0.2892,-1.2588700000000002,-0.03625,Y,Y,N,N,0.02534,0.00039,N,N,1,18
876,AGNFRAC,rf0468,0.10525999999999999,0.052629999999999996,0.26316,-inf,0.39474000000000004,Y,Y,N,N,0.14048,2e-05,N,N,1,4
877,LOGQ,rf0468,6.20068,6.062530000000001,6.24674,6.01647,6.33884,Y,Y,N,N,0.0,0.00072,N,N,1,32
878,LOGZ,rf0468,-0.16272,-0.33136,0.04807,-0.45783999999999997,0.17455,Y,Y,N,N,0.0,0.00277,N,N,1,27
891,AGNFRAC,rf0477,0.0,-inf,0.18420999999999998,-inf,0.34210999999999997,Y,Y,Y,N,0.41171,9e-05,N,N,1,0
892,LOGQ,rf0477,5.97042,5.8783199999999995,6.062530000000001,5.78621,6.15463,Y,Y,N,N,0.0,0.0,N,N,1,27
893,LOGZ,rf0477,-0.66864,-1.00591,-0.45783999999999997,-1.2588700000000002,-0.2892,Y,Y,N,N,0.031139999999999998,2.9999999999999997e-05,N,N,1,15
900,AGNFRAC,rf0480,0.0,-inf,0.21053000000000002,-inf,0.39474000000000004,Y,Y,Y,N,0.37893000000000004,0.00014,N,N,1,0
901,LOGQ,rf0480,6.24674,6.01647,6.29279,5.92437,6.38489,Y,Y,N,N,0.0,0.00321,N,N,2,33
902,LOGZ,rf0480,-1.30103,-1.21671,-0.5421600000000001,-inf,-0.24704,N,Y,Y,N,0.10682,0.00015,N,N,2,0
903,AGNFRAC,rf0482,0.0,0.02632,0.28947,-inf,0.52632,N,Y,Y,N,0.24498000000000003,0.00045999999999999996,N,N,1,0
904,LOGQ,rf0482,6.10858,5.97042,6.20068,5.8783199999999995,6.24674,Y,Y,N,N,0.0,0.0,N,N,1,30
905,LOGZ,rf0482,-0.5421600000000001,-0.96375,-0.33136,-1.2588700000000002,-0.12055999999999999,Y,Y,N,N,0.02539,9e-05,N,N,1,18
915,AGNFRAC,rf0490,0.42105,0.34210999999999997,0.78947,0.23684000000000002,0.9736799999999999,Y,Y,N,N,0.0,0.033339999999999995,N,N,1,16
916,LOGQ,rf0490,5.97042,5.83226,6.15463,5.7401599999999995,6.24674,Y,Y,N,N,0.0,0.0,N,N,2,27
917,LOGZ,rf0490,0.30103,0.13239,inf,0.00591,inf,Y,Y,N,Y,0.0,0.66319,N,Y,1,38
918,AGNFRAC,rf0493,1.0,0.9736799999999999,inf,0.94737,inf,Y,Y,N,Y,0.0,0.9900700000000001,N,Y,1,38
919,LOGQ,rf0493,5.7401599999999995,5.69411,5.83226,5.64805,5.83226,Y,Y,N,N,0.0,0.0,N,N,1,22
920,LOGZ,rf0493,-0.07841000000000001,-0.20488,0.09022999999999999,-0.2892,0.17455,Y,Y,N,N,0.0,5.9999999999999995e-05,N,N,1,29
924,AGNFRAC,rf0497,0.0,0.02632,0.39474000000000004,-inf,0.81579,N,Y,Y,N,0.28186,0.00528,N,N,1,0
925,LOGQ,rf0497,5.64805,5.50989,5.78621,5.27963,5.92437,Y,Y,N,N,0.00065,0.0,N,N,1,20
926,LOGZ,rf0497,-0.5,-0.9215899999999999,-0.20488,-1.2588700000000002,0.00591,Y,Y,N,N,0.02624,0.00022,N,N,1,19
936,AGNFRAC,rf0503,0.0,-inf,0.18420999999999998,-inf,0.36841999999999997,Y,Y,Y,N,0.37432,0.00011999999999999999,N,N,1,0
937,LOGQ,rf0503,6.10858,6.062530000000001,6.20068,5.97042,6.24674,Y,Y,N,N,0.0,0.0,N,N,1,30
938,LOGZ,rf0503,-0.58432,-0.9215899999999999,-0.41568,-1.21671,-0.24704,Y,Y,N,N,0.01816,2e-05,N,N,1,17
939,AGNFRAC,rf0504,1.0,0.92105,inf,0.8684200000000001,inf,Y,Y,N,Y,0.0,0.80289,N,Y,1,38
940,LOGQ,rf0504,5.83226,5.7401599999999995,5.8783199999999995,5.69411,5.97042,Y,Y,N,N,0.0,0.0,N,N,1,24
941,LOGZ,rf0504,0.25887,0.21670999999999999,inf,0.17455,inf,Y,Y,N,Y,0.0,0.90351,N,Y,1,37
945,AGNFRAC,rf0506,0.26316,0.18420999999999998,0.39474000000000004,0.10525999999999999,0.5526300000000001,Y,Y,N,N,0.0026100000000000003,0.00037,N,N,1,10
946,LOGQ,rf0506,6.20068,6.10858,6.29279,6.01647,6.33884,Y,Y,N,N,0.0,0.00053,N,N,1,32
947,LOGZ,rf0506,-0.24704,-0.41568,-0.03625,-0.58432,0.13239,Y,Y,N,N,0.0,0.00246,N,N,1,25
954,AGNFRAC,rf0511,0.0,0.02632,0.26316,-inf,0.5,N,Y,Y,N,0.26261999999999996,0.00037,N,N,1,0
955,LOGQ,rf0511,6.10858,5.97042,6.24674,5.8783199999999995,6.29279,Y,Y,N,N,0.0,4e-05,N,N,1,30
956,LOGZ,rf0511,-0.7108,-1.13239,-0.5,-inf,-0.2892,Y,Y,N,N,0.06971000000000001,2.9999999999999997e-05,N,N,1,14
960,AGNFRAC,rf0518,0.0,-inf,0.21053000000000002,-inf,0.47368000000000005,Y,Y,Y,N,0.36725,0.0004,N,N,1,0
961,LOGQ,rf0518,5.8783199999999995,5.7401599999999995,5.97042,5.602,6.062530000000001,Y,Y,N,N,1e-05,0.0,N,N,1,25
962,LOGZ,rf0518,-0.5421600000000001,-1.09023,-0.37351999999999996,-inf,-0.12055999999999999,Y,Y,N,N,0.05703,0.0001,N,N,1,18
978,AGNFRAC,rf0607,0.0,-inf,0.18420999999999998,-inf,0.39474000000000004,Y,Y,Y,N,0.39566999999999997,0.00016999999999999999,N,N,1,0
979,LOGQ,rf0607,6.01647,5.92437,6.10858,5.83226,6.20068,Y,Y,N,N,0.0,0.0,N,N,1,28
980,LOGZ,rf0607,-0.7108,-1.17455,-0.5421600000000001,-inf,-0.33136,Y,Y,N,N,0.08306000000000001,2.9999999999999997e-05,N,N,2,14
999,AGNFRAC,rf0670,0.0,-inf,0.052629999999999996,-inf,0.13158,Y,Y,Y,N,0.9060600000000001,4e-05,Y,N,1,0
1000,LOGQ,rf0670,6.062530000000001,5.97042,6.15463,5.8783199999999995,6.20068,Y,Y,N,N,0.0,0.0,N,N,1,29
1001,LOGZ,rf0670,-0.5421600000000001,-1.00591,-0.37351999999999996,-1.2588700000000002,-0.24704,Y,Y,N,N,0.041010000000000005,1e-05,N,N,2,18
1005,AGNFRAC,rf0686,0.5,0.47368000000000005,0.52632,0.47368000000000005,0.52632,Y,Y,N,N,0.0,0.0,N,N,2,19
1006,LOGQ,rf0686,4.727,-inf,4.77305,-inf,4.77305,Y,Y,Y,N,1.0,0.0,Y,N,2,0
1007,LOGZ,rf0686,0.30103,0.25887,inf,0.25887,inf,Y,Y,N,Y,0.0,1.0,N,Y,2,38
1026,AGNFRAC,rf0716,0.21053000000000002,0.13158,0.34210999999999997,0.052629999999999996,0.5,Y,Y,N,N,0.008759999999999999,0.00013000000000000002,N,N,1,8
1027,LOGQ,rf0716,6.24674,6.15463,6.38489,6.062530000000001,6.43095,Y,Y,N,N,0.0,0.05595,N,N,1,33
1028,LOGZ,rf0716,-0.24704,-0.45783999999999997,-0.07841000000000001,-0.62648,0.09022999999999999,Y,Y,N,N,0.0,0.00074,N,N,1,25
1032,AGNFRAC,rf0739,0.0,-inf,0.21053000000000002,-inf,0.47368000000000005,Y,Y,Y,N,0.37490999999999997,0.00045999999999999996,N,N,1,0
1033,LOGQ,rf0739,6.10858,5.97042,6.20068,5.83226,6.29279,Y,Y,N,N,0.0,5.9999999999999995e-05,N,N,1,30
1034,LOGZ,rf0739,-0.66864,-1.13239,-0.37351999999999996,-inf,-0.07841000000000001,Y,Y,N,N,0.06729,0.00026000000000000003,N,N,2,15
1038,AGNFRAC,rf0783,0.0,-inf,0.21053000000000002,-inf,0.47368000000000005,Y,Y,Y,N,0.43037,0.00059,N,N,1,0
1039,LOGQ,rf0783,5.8783199999999995,5.78621,6.01647,5.7401599999999995,6.062530000000001,Y,Y,N,N,0.0,0.0,N,N,1,25
1040,LOGZ,rf0783,-1.30103,-1.17455,-0.45783999999999997,-inf,-0.12055999999999999,N,Y,Y,N,0.1071,0.00021,N,N,3,0
1053,AGNFRAC,rs0010,0.0,-inf,0.15789,-inf,0.28947,Y,Y,Y,N,0.49113,2.9999999999999997e-05,N,N,1,0
1054,LOGQ,rs0010,6.10858,6.01647,6.20068,5.92437,6.24674,Y,Y,N,N,0.0,0.0,N,N,1,30
1055,LOGZ,rs0010,-0.5421600000000001,-0.9215899999999999,-0.37351999999999996,-1.21671,-0.20488,Y,Y,N,N,0.019180000000000003,5.9999999999999995e-05,N,N,1,18
1074,AGNFRAC,rs0020,0.0,-inf,0.21053000000000002,-inf,0.5526300000000001,Y,Y,Y,N,0.39371,0.0014199999999999998,N,N,1,0
1075,LOGQ,rs0020,5.97042,5.8783199999999995,6.10858,5.78621,6.20068,Y,Y,N,N,0.0,0.0,N,N,1,27
1076,LOGZ,rs0020,-0.5421600000000001,-1.13239,-0.41568,-inf,-0.12055999999999999,Y,Y,N,N,0.06871000000000001,0.00035,N,N,2,18
1077,AGNFRAC,rs0022,1.0,0.89474,inf,0.81579,inf,Y,Y,N,Y,0.0,0.57823,N,Y,1,38
1078,LOGQ,rs0022,5.7401599999999995,5.64805,5.83226,5.602,5.8783199999999995,Y,Y,N,N,0.0,0.0,N,N,1,22
1079,LOGZ,rs0022,0.21670999999999999,0.09022999999999999,0.25887,-0.03625,inf,Y,Y,N,Y,0.0,0.23183,N,N,1,36
1083,AGNFRAC,rs0025,0.23684000000000002,0.10525999999999999,0.5,0.02632,0.78947,Y,Y,N,N,0.04501,0.00302,N,N,1,9
1084,LOGQ,rs0025,6.15463,6.062530000000001,6.24674,6.01647,6.29279,Y,Y,N,N,0.0,0.0,N,N,1,31
1085,LOGZ,rs0025,-0.66864,-1.00591,-0.45783999999999997,-1.2588700000000002,-0.20488,Y,Y,N,N,0.02504,2e-05,N,N,1,15
1095,AGNFRAC,rs0031,0.18420999999999998,0.10525999999999999,0.36841999999999997,0.02632,0.60526,Y,Y,N,N,0.04021,0.0009699999999999999,N,N,1,7
1096,LOGQ,rs0031,5.83226,5.55595,6.01647,5.0033199999999995,6.10858,Y,Y,N,N,0.00626,0.0,N,N,1,24
1097,LOGZ,rs0031,0.13239,-0.33136,0.21670999999999999,-0.66864,inf,Y,Y,N,N,0.00055,0.12405999999999999,N,N,1,34
1098,AGNFRAC,rs0034,0.0,-inf,0.26316,-inf,0.5526300000000001,Y,Y,Y,N,0.32436,0.0007700000000000001,N,N,1,0
1099,LOGQ,rs0034,6.15463,5.97042,6.24674,5.78621,6.33884,Y,Y,N,N,0.0,0.0020800000000000003,N,N,1,31
1100,LOGZ,rs0034,-1.30103,-1.21671,-0.5,-inf,-0.16272,N,Y,Y,N,0.12029000000000001,0.00025,N,N,1,0
1146,AGNFRAC,rs0063,0.21053000000000002,0.10525999999999999,0.39474000000000004,0.02632,0.57895,Y,Y,N,N,0.05703,0.00042,N,N,1,8
1147,LOGQ,rs0063,6.24674,6.15463,6.33884,6.10858,6.33884,Y,Y,N,N,0.0,0.00124,N,N,1,33
1148,LOGZ,rs0063,-0.58432,-0.7951199999999999,-0.33136,-1.04807,-0.07841000000000001,Y,Y,N,N,0.00247,0.00037,N,N,1,17
1158,AGNFRAC,rs0070,0.0,-inf,0.18420999999999998,-inf,0.44737,Y,Y,Y,N,0.43986000000000003,0.0005200000000000001,N,N,1,0
1159,LOGQ,rs0070,5.97042,5.8783199999999995,6.10858,5.78621,6.20068,Y,Y,N,N,0.0,0.0,N,N,1,27
1160,LOGZ,rs0070,-0.66864,-1.13239,-0.45783999999999997,-inf,-0.20488,Y,Y,N,N,0.05967000000000001,7e-05,N,N,1,15
1167,AGNFRAC,rs0078,0.23684000000000002,0.13158,0.5,0.02632,0.81579,Y,Y,N,N,0.03768,0.00462,N,N,1,9
1168,LOGQ,rs0078,6.20068,6.10858,6.29279,6.062530000000001,6.33884,Y,Y,N,N,0.0,0.00108,N,N,1,32
1169,LOGZ,rs0078,-0.41568,-0.62648,-0.24704,-0.8372799999999999,-0.03625,Y,Y,N,N,0.00025,0.00014,N,N,1,21
1170,AGNFRAC,rs0080,0.34210999999999997,0.18420999999999998,0.5526300000000001,0.10525999999999999,0.7631600000000001,Y,Y,N,N,0.0017100000000000001,0.0019,N,N,1,13
1171,LOGQ,rs0080,6.20068,6.01647,6.24674,5.83226,6.33884,Y,Y,N,N,0.0,2e-05,N,N,1,32
1172,LOGZ,rs0080,0.17455,-0.03625,0.25887,-0.16272,inf,Y,Y,N,Y,0.0,0.17815,N,N,1,35
1230,AGNFRAC,rs0105,0.0,-inf,0.18420999999999998,-inf,0.36841999999999997,Y,Y,Y,N,0.43864,0.00022999999999999998,N,N,1,0
1231,LOGQ,rs0105,6.15463,6.01647,6.24674,5.92437,6.29279,Y,Y,N,N,0.0,0.0,N,N,1,31
1232,LOGZ,rs0105,-0.66864,-1.13239,-0.41568,-inf,-0.16272,Y,Y,N,N,0.06973,0.00023999999999999998,N,N,2,15
1236,AGNFRAC,rs0107,1.0,0.9736799999999999,inf,0.9736799999999999,inf,Y,Y,N,Y,0.0,1.0,N,Y,1,38
1237,LOGQ,rs0107,4.77305,-inf,4.8651599999999995,-inf,4.91121,Y,Y,Y,N,0.7417699999999999,0.0,Y,N,1,1
1238,LOGZ,rs0107,0.30103,0.25887,inf,0.25887,inf,Y,Y,N,Y,0.0,1.0,N,Y,1,38
1242,AGNFRAC,rs0111,0.0,-inf,0.28947,-inf,0.63158,Y,Y,Y,N,0.32292,0.00146,N,N,1,0
1243,LOGQ,rs0111,5.83226,5.7401599999999995,5.97042,5.64805,6.062530000000001,Y,Y,N,N,0.0,0.0,N,N,1,24
1244,LOGZ,rs0111,-0.96375,-1.17455,-0.5421600000000001,-inf,-0.2892,Y,Y,N,N,0.09017,7e-05,N,N,1,8
1263,AGNFRAC,rs0124,0.0,-inf,0.23684000000000002,-inf,0.5526300000000001,Y,Y,Y,N,0.37295,0.00115,N,N,1,0
1264,LOGQ,rs0124,5.97042,5.83226,6.062530000000001,5.7401599999999995,6.15463,Y,Y,N,N,0.0,0.0,N,N,1,27
1265,LOGZ,rs0124,-1.30103,-1.21671,-0.62648,-inf,-0.37351999999999996,N,Y,Y,N,0.13676,4e-05,N,N,1,0
1278,AGNFRAC,rs0130,0.0,-inf,0.13158,-inf,0.26316,Y,Y,Y,N,0.52695,2.9999999999999997e-05,Y,N,1,0
1279,LOGQ,rs0130,5.97042,5.8783199999999995,6.10858,5.78621,6.15463,Y,Y,N,N,0.0,0.0,N,N,1,27
1280,LOGZ,rs0130,-0.5,-0.8372799999999999,-0.24704,-1.21671,-0.03625,Y,Y,N,N,0.01811,0.00035,N,N,1,19
1293,AGNFRAC,rs0136,0.68421,0.60526,0.84211,0.52632,0.9736799999999999,Y,Y,N,N,0.0,0.03207,N,N,1,26
1294,LOGQ,rs0136,5.83226,5.7401599999999995,5.92437,5.69411,6.01647,Y,Y,N,N,0.0,0.0,N,N,1,24
1295,LOGZ,rs0136,0.13239,-0.03625,0.17455,-0.20488,0.25887,Y,Y,N,N,0.0,0.03977,N,N,1,34
1326,AGNFRAC,rs0150,0.0,-inf,0.15789,-inf,0.31579,Y,Y,Y,N,0.50578,9e-05,Y,N,1,0
1327,LOGQ,rs0150,6.10858,5.97042,6.20068,5.8783199999999995,6.24674,Y,Y,N,N,0.0,0.0,N,N,1,30
1328,LOGZ,rs0150,-0.5421600000000001,-1.09023,-0.41568,-inf,-0.16272,Y,Y,N,N,0.05882999999999999,0.0002,N,N,2,18
1335,AGNFRAC,rs0155,0.0,-inf,0.15789,-inf,0.26316,Y,Y,Y,N,0.44882,2e-05,N,N,1,0
1336,LOGQ,rs0155,6.062530000000001,5.92437,6.15463,5.83226,6.24674,Y,Y,N,N,0.0,1e-05,N,N,1,29
1337,LOGZ,rs0155,-0.12055999999999999,-0.33136,0.04807,-0.58432,0.17455,Y,Y,N,N,4e-05,0.00513,N,N,1,28
1341,AGNFRAC,rs0157,0.60526,0.42105,0.8684200000000001,0.23684000000000002,0.9736799999999999,Y,Y,N,N,0.00029,0.0471,N,N,1,23
1342,LOGQ,rs0157,6.20068,6.10858,6.29279,6.062530000000001,6.33884,Y,Y,N,N,0.0,1e-05,N,N,1,32
1343,LOGZ,rs0157,-0.5421600000000001,-0.7529600000000001,-0.2892,-1.00591,-0.12055999999999999,Y,Y,N,N,0.0020800000000000003,5e-05,N,N,1,18
1344,AGNFRAC,rs0159,0.44737,0.36841999999999997,0.5526300000000001,0.31579,0.65789,Y,Y,N,N,0.0,0.0002,N,N,1,17
1345,LOGQ,rs0159,5.78621,5.64805,5.8783199999999995,5.602,5.97042,Y,Y,N,N,0.0,0.0,N,N,1,23
1346,LOGZ,rs0159,0.21670999999999999,0.04807,0.25887,-0.03625,inf,Y,Y,N,Y,0.0,0.30942,N,N,1,36
1407,AGNFRAC,rs0190,0.28947,0.21053000000000002,0.44737,0.13158,0.57895,Y,Y,N,N,0.00022,0.00016,N,N,1,11
1408,LOGQ,rs0190,6.15463,6.062530000000001,6.24674,6.01647,6.29279,Y,Y,N,N,0.0,2e-05,N,N,1,31
1409,LOGZ,rs0190,0.17455,0.00591,0.21670999999999999,-0.12055999999999999,0.25887,Y,Y,N,Y,0.0,0.10235,N,N,1,35
1413,AGNFRAC,rs0192,0.15789,0.07895,0.52632,-inf,0.8684200000000001,Y,Y,N,N,0.08313999999999999,0.00783,N,N,1,6
1414,LOGQ,rs0192,6.24674,6.15463,6.33884,6.062530000000001,6.38489,Y,Y,N,N,0.0,0.007659999999999999,N,N,1,33
1415,LOGZ,rs0192,-0.62648,-0.9215899999999999,-0.37351999999999996,-1.17455,-0.16272,Y,Y,N,N,0.014709999999999999,0.00011,N,N,1,16
1419,AGNFRAC,rs0194,0.10525999999999999,0.052629999999999996,0.21053000000000002,0.02632,0.31579,Y,Y,N,N,0.07092000000000001,0.0,N,N,1,4
1420,LOGQ,rs0194,5.8783199999999995,5.78621,5.97042,5.69411,6.062530000000001,Y,Y,N,N,0.0,0.0,N,N,1,25
1421,LOGZ,rs0194,0.13239,-0.07841000000000001,0.21670999999999999,-0.20488,0.25887,Y,Y,N,N,0.0,0.07536,N,N,1,34
1428,AGNFRAC,rs0200,1.0,0.9736799999999999,inf,0.9736799999999999,inf,Y,Y,N,Y,0.0,1.0,N,Y,1,38
1429,LOGQ,rs0200,4.727,-inf,4.77305,-inf,4.77305,Y,Y,Y,N,1.0,0.0,Y,N,1,0
1430,LOGZ,rs0200,0.30103,0.25887,inf,0.25887,inf,Y,Y,N,Y,0.0,1.0,N,Y,1,38
1434,AGNFRAC,rs0202,1.0,0.84211,inf,0.71053,inf,Y,Y,N,Y,0.0,0.46701000000000004,N,N,1,38
1435,LOGQ,rs0202,6.33884,6.24674,6.38489,6.20068,6.43095,Y,Y,N,Y,0.0,0.0457,N,N,1,35
1436,LOGZ,rs0202,-0.37351999999999996,-0.5,-0.20488,-0.62648,-0.07841000000000001,Y,Y,N,N,0.0,0.0,N,N,1,22
1443,AGNFRAC,rs0208,0.36841999999999997,0.28947,0.5526300000000001,0.21053000000000002,0.7631600000000001,Y,Y,N,N,0.0,0.00146,N,N,1,14
1444,LOGQ,rs0208,6.15463,6.062530000000001,6.24674,5.97042,6.29279,Y,Y,N,N,0.0,1e-05,N,N,1,31
1445,LOGZ,rs0208,0.21670999999999999,0.09022999999999999,0.25887,-0.03625,inf,Y,Y,N,Y,0.0,0.3582,N,N,1,36
1458,AGNFRAC,rs0214,0.02632,-inf,0.15789,-inf,0.28947,Y,Y,Y,N,0.35105,1e-05,N,N,1,1
1459,LOGQ,rs0214,6.15463,6.062530000000001,6.24674,5.97042,6.33884,Y,Y,N,N,0.0,0.00112,N,N,1,31
1460,LOGZ,rs0214,-0.20488,-0.41568,0.00591,-0.58432,0.17455,Y,Y,N,N,1e-05,0.00203,N,N,1,26
1464,AGNFRAC,rs0216,0.0,-inf,0.18420999999999998,-inf,0.42105,Y,Y,Y,N,0.43678,0.00053,N,N,1,0
1465,LOGQ,rs0216,5.92437,5.83226,6.15463,5.7401599999999995,6.24674,Y,Y,N,N,0.0,0.0,N,N,1,26
1466,LOGZ,rs0216,-1.30103,-1.17455,-0.33136,-inf,-0.03625,N,Y,Y,N,0.10138,0.0014,N,N,3,0
1476,AGNFRAC,rs0222,0.0,-inf,0.10525999999999999,-inf,0.18420999999999998,Y,Y,Y,N,0.6869,0.0,Y,N,1,0
1477,LOGQ,rs0222,5.97042,5.8783199999999995,6.10858,5.83226,6.20068,Y,Y,N,N,0.0,2e-05,N,N,1,27
1478,LOGZ,rs0222,0.09022999999999999,-0.07841000000000001,0.17455,-0.24704,0.25887,Y,Y,N,N,0.0,0.03999,N,N,1,33
1539,AGNFRAC,rs0254,0.0,-inf,0.13158,-inf,0.23684000000000002,Y,Y,Y,N,0.46633,1e-05,N,N,1,0
1540,LOGQ,rs0254,6.062530000000001,5.97042,6.20068,5.92437,6.24674,Y,Y,N,N,0.0,0.0001,N,N,1,29
1541,LOGZ,rs0254,0.00591,-0.16272,0.13239,-0.33136,0.21670999999999999,Y,Y,N,N,0.0,0.01863,N,N,1,31
1557,AGNFRAC,rs0261,0.39474000000000004,0.31579,0.5,0.26316,0.60526,Y,Y,N,N,0.0,8e-05,N,N,1,15
1558,LOGQ,rs0261,5.8783199999999995,5.83226,5.97042,5.7401599999999995,6.062530000000001,Y,Y,N,N,0.0,0.0,N,N,1,25
1559,LOGZ,rs0261,0.09022999999999999,-0.07841000000000001,0.17455,-0.20488,0.25887,Y,Y,N,N,0.0,0.03229,N,N,1,33
1569,AGNFRAC,rs0266,0.18420999999999998,0.10525999999999999,0.26316,0.052629999999999996,0.36841999999999997,Y,Y,N,N,0.00796,1e-05,N,N,1,7
1570,LOGQ,rs0266,6.15463,6.062530000000001,6.24674,5.97042,6.29279,Y,Y,N,N,0.0,0.00018999999999999998,N,N,1,31
1571,LOGZ,rs0266,-0.12055999999999999,-0.24704,0.04807,-0.41568,0.17455,Y,Y,N,N,0.0,0.0037799999999999995,N,N,1,28
1584,AGNFRAC,rs0271,0.0,0.02632,0.39474000000000004,-inf,0.68421,N,Y,Y,N,0.18183,0.00176,N,N,1,0
1585,LOGQ,rs0271,5.83226,5.7401599999999995,5.97042,5.69411,6.062530000000001,Y,Y,N,N,0.0,0.0,N,N,1,24
1586,LOGZ,rs0271,-1.30103,-1.2588700000000002,-0.8372799999999999,-inf,-0.5421600000000001,N,Y,Y,N,0.22914,2e-05,N,N,1,0
1611,AGNFRAC,rs0284,0.31579,0.15789,0.60526,0.052629999999999996,0.8684200000000001,Y,Y,N,N,0.02469,0.007640000000000001,N,N,1,12
1612,LOGQ,rs0284,5.83226,5.69411,5.97042,5.602,6.10858,Y,Y,N,N,0.0,0.0,N,N,1,24
1613,LOGZ,rs0284,-0.45783999999999997,-0.87944,-0.2892,-1.21671,-0.07841000000000001,Y,Y,N,N,0.015780000000000002,4e-05,N,N,1,20
1626,AGNFRAC,rs0299,0.10525999999999999,0.052629999999999996,0.21053000000000002,-inf,0.31579,Y,Y,N,N,0.15704,2e-05,N,N,1,4
1627,LOGQ,rs0299,6.20068,5.8783199999999995,6.29279,5.69411,6.38489,Y,Y,N,N,0.0,0.00949,N,N,1,32
1628,LOGZ,rs0299,-0.03625,-0.2892,0.13239,-0.5,0.25887,Y,Y,N,N,0.0,0.03726,N,N,1,30
1638,AGNFRAC,rs0310,0.23684000000000002,0.13158,0.5526300000000001,0.02632,0.8684200000000001,Y,Y,N,N,0.02561,0.006529999999999999,N,N,1,9
1639,LOGQ,rs0310,6.20068,6.062530000000001,6.29279,5.92437,6.38489,Y,Y,N,N,0.0,0.00675,N,N,1,32
1640,LOGZ,rs0310,0.04807,-0.20488,0.17455,-0.37351999999999996,0.25887,Y,Y,N,N,0.0,0.036789999999999996,N,N,1,32
1647,AGNFRAC,rs0315,0.0,-inf,0.15789,-inf,0.26316,Y,Y,Y,N,0.42987,0.0,N,N,1,0
1648,LOGQ,rs0315,6.10858,6.01647,6.15463,5.97042,6.24674,Y,Y,N,N,0.0,0.0,N,N,1,30
1649,LOGZ,rs0315,-0.2892,-0.41568,-0.07841000000000001,-0.58432,0.04807,Y,Y,N,N,0.0,0.00067,N,N,1,24
1665,AGNFRAC,rs0325,1.0,0.65789,0.9736799999999999,0.47368000000000005,inf,N,Y,N,Y,0.0,0.17403,N,N,1,38
1666,LOGQ,rs0325,6.24674,6.15463,6.33884,6.10858,6.33884,Y,Y,N,N,0.0,0.00016,N,N,1,33
1667,LOGZ,rs0325,-1.30103,-1.2588700000000002,-0.7951199999999999,-inf,-0.5421600000000001,N,Y,Y,N,0.18234,0.0,N,N,1,0
1671,AGNFRAC,rs0329,0.81579,0.60526,0.94737,0.47368000000000005,inf,Y,Y,N,N,0.0,0.10453,N,N,1,31
1672,LOGQ,rs0329,6.20068,6.15463,6.29279,6.062530000000001,6.29279,Y,Y,N,N,0.0,0.0,N,N,1,32
1673,LOGZ,rs0329,-0.5421600000000001,-0.7529600000000001,-0.33136,-0.9215899999999999,-0.12055999999999999,Y,Y,N,N,0.0006,2e-05,N,N,1,18
1680,AGNFRAC,rs0332,1.0,0.81579,inf,0.65789,inf,Y,Y,N,Y,0.0,0.36930999999999997,N,N,1,38
1681,LOGQ,rs0332,5.64805,5.602,5.7401599999999995,5.55595,5.78621,Y,Y,N,N,0.0,0.0,N,N,1,20
1682,LOGZ,rs0332,-1.30103,-1.2588700000000002,-0.87944,-inf,-0.5421600000000001,N,Y,Y,N,0.27619,5e-05,N,N,1,0
1728,AGNFRAC,rs0362,0.15789,0.07895,0.31579,0.02632,0.47368000000000005,Y,Y,N,N,0.04163,7e-05,N,N,1,6
1729,LOGQ,rs0362,6.10858,6.01647,6.24674,5.8783199999999995,6.29279,Y,Y,N,N,0.0,0.0006799999999999999,N,N,1,30
1730,LOGZ,rs0362,0.21670999999999999,0.09022999999999999,0.25887,-0.03625,inf,Y,Y,N,Y,0.0,0.3927,N,N,1,36
1761,AGNFRAC,rs0378,0.0,-inf,0.18420999999999998,-inf,0.7631600000000001,Y,Y,Y,N,0.52258,0.00583,Y,N,2,0
1762,LOGQ,rs0378,5.97042,5.83226,6.10858,5.64805,6.20068,Y,Y,N,N,0.0,0.00021,N,N,1,27
1763,LOGZ,rs0378,0.13239,-0.07841000000000001,0.17455,-0.24704,0.25887,Y,Y,N,N,0.0,0.05675,N,N,1,34
1767,AGNFRAC,rs0382,0.10525999999999999,0.052629999999999996,0.21053000000000002,-inf,0.28947,Y,Y,N,N,0.09498,1e-05,N,N,1,4
1768,LOGQ,rs0382,5.97042,5.8783199999999995,6.20068,5.78621,6.33884,Y,Y,N,N,0.0,0.00267,N,N,1,27
1769,LOGZ,rs0382,0.04807,-0.20488,0.17455,-0.37351999999999996,0.21670999999999999,Y,Y,N,N,0.0,0.022719999999999997,N,N,1,32
1779,AGNFRAC,rs0390,0.47368000000000005,0.42105,0.81579,0.34210999999999997,0.9736799999999999,Y,Y,N,N,0.0,0.04394,N,N,2,18
1780,LOGQ,rs0390,5.92437,5.83226,6.15463,5.7401599999999995,6.24674,Y,Y,N,N,0.0,0.0,N,N,3,26
1781,LOGZ,rs0390,-0.03625,-0.37351999999999996,0.09022999999999999,-0.62648,0.21670999999999999,Y,Y,N,N,0.0,0.00895,N,N,1,30
1803,AGNFRAC,rs0405,1.0,0.94737,inf,0.89474,inf,Y,Y,N,Y,0.0,0.8562700000000001,N,Y,1,38
1804,LOGQ,rs0405,6.062530000000001,5.97042,6.10858,5.97042,6.10858,Y,Y,N,N,0.0,0.0,N,N,1,29
1805,LOGZ,rs0405,-0.2892,-0.45783999999999997,-0.16272,-0.5421600000000001,-0.03625,Y,Y,N,N,0.0,0.0,N,N,1,24
1806,AGNFRAC,rs0406,0.10525999999999999,0.052629999999999996,0.26316,-inf,0.39474000000000004,Y,Y,N,N,0.15841,4e-05,N,N,1,4
1807,LOGQ,rs0406,6.15463,6.062530000000001,6.20068,6.01647,6.24674,Y,Y,N,N,0.0,0.0,N,N,1,31
1808,LOGZ,rs0406,-0.45783999999999997,-0.62648,-0.2892,-0.8372799999999999,-0.07841000000000001,Y,Y,N,N,0.00025,0.00014,N,N,1,20
1833,AGNFRAC,rs0421,0.26316,0.10525999999999999,0.5526300000000001,-inf,0.78947,Y,Y,N,N,0.07864,0.00278,N,N,2,10
1834,LOGQ,rs0421,5.78621,5.64805,5.8783199999999995,5.602,5.92437,Y,Y,N,N,0.0,0.0,N,N,1,23
1835,LOGZ,rs0421,-1.17455,-1.21671,-0.7108,-inf,-0.45783999999999997,Y,Y,N,N,0.13839,1e-05,N,N,1,3
1884,AGNFRAC,rs0451,1.0,0.9736799999999999,inf,0.9736799999999999,inf,Y,Y,N,Y,0.0,0.9999100000000001,N,Y,1,38
1885,LOGQ,rs0451,5.83226,5.78621,5.8783199999999995,5.7401599999999995,5.8783199999999995,Y,Y,N,N,0.0,0.0,N,N,1,24
1886,LOGZ,rs0451,0.00591,-0.07841000000000001,0.09022999999999999,-0.16272,0.17455,Y,Y,N,N,0.0,0.0,N,N,1,31
1905,AGNFRAC,rs0461,0.10525999999999999,0.02632,0.28947,-inf,0.5,Y,Y,N,N,0.1743,0.00033999999999999997,N,N,1,4
1906,LOGQ,rs0461,6.24674,6.15463,6.33884,6.01647,6.43095,Y,Y,N,N,0.0,0.03391,N,N,1,33
1907,LOGZ,rs0461,-0.20488,-0.37351999999999996,0.04807,-0.5,0.17455,Y,Y,N,N,0.0,0.00861,N,N,1,26
1911,AGNFRAC,rs0466,0.02632,-inf,0.15789,-inf,0.63158,Y,Y,Y,N,0.42096000000000006,0.0021899999999999997,N,N,2,1
1912,LOGQ,rs0466,6.15463,6.062530000000001,6.20068,5.83226,6.29279,Y,Y,N,N,0.0,5.9999999999999995e-05,N,N,2,31
1913,LOGZ,rs0466,-0.07841000000000001,-0.20488,0.09022999999999999,-0.33136,0.21670999999999999,Y,Y,N,N,0.0,0.008459999999999999,N,N,1,29
1920,AGNFRAC,rs0469,0.13158,0.07895,0.65789,-inf,0.92105,Y,Y,N,N,0.08276,0.01464,N,N,1,5
1921,LOGQ,rs0469,5.78621,5.602,5.8783199999999995,5.50989,6.01647,Y,Y,N,N,0.0,0.0,N,N,1,23
1922,LOGZ,rs0469,-0.5421600000000001,-0.9215899999999999,-0.20488,-1.21671,0.13239,Y,Y,N,N,0.02276,0.00542,N,N,2,18
1926,AGNFRAC,rs0472,0.0,0.02632,0.28947,-inf,0.5,N,Y,Y,N,0.22534,0.00033,N,N,1,0
1927,LOGQ,rs0472,5.78621,5.69411,5.8783199999999995,5.602,5.92437,Y,Y,N,N,0.0,0.0,N,N,1,23
1928,LOGZ,rs0472,-1.21671,-1.21671,-0.7529600000000001,-inf,-0.5,Y,Y,Y,N,0.15417,0.0,N,N,1,2
1944,AGNFRAC,rs0491,0.15789,0.07895,0.28947,0.02632,0.42105,Y,Y,N,N,0.046060000000000004,2.9999999999999997e-05,N,N,1,6
1945,LOGQ,rs0491,6.10858,6.01647,6.20068,5.97042,6.29279,Y,Y,N,N,0.0,5.9999999999999995e-05,N,N,1,30
1946,LOGZ,rs0491,0.09022999999999999,-0.12055999999999999,0.17455,-0.24704,0.25887,Y,Y,N,N,0.0,0.02965,N,N,1,33
1947,AGNFRAC,rs0492,0.0,0.02632,0.36841999999999997,-inf,0.7368399999999999,N,Y,Y,N,0.22346999999999997,0.0034700000000000004,N,N,1,0
1948,LOGQ,rs0492,6.33884,6.20068,6.38489,5.97042,6.43095,Y,Y,N,Y,0.0,0.11689000000000001,N,N,1,35
1949,LOGZ,rs0492,-1.30103,-1.2588700000000002,-0.7951199999999999,-inf,-0.45783999999999997,N,Y,Y,N,0.22088000000000002,5e-05,N,N,1,0
1962,AGNFRAC,rs0498,0.42105,0.31579,0.63158,0.23684000000000002,0.81579,Y,Y,N,N,0.0,0.0035399999999999997,N,N,1,16
1963,LOGQ,rs0498,6.20068,6.062530000000001,6.24674,6.01647,6.33884,Y,Y,N,N,0.0,0.0001,N,N,1,32
1964,LOGZ,rs0498,0.21670999999999999,0.09022999999999999,0.25887,-0.03625,inf,Y,Y,N,Y,0.0,0.31648000000000004,N,N,1,36
1965,AGNFRAC,rs0502,0.02632,-inf,0.10525999999999999,-inf,0.15789,Y,Y,Y,N,0.569,0.0,Y,N,1,1
1966,LOGQ,rs0502,6.20068,6.062530000000001,6.24674,6.01647,6.33884,Y,Y,N,N,0.0,0.00082,N,N,1,32
1967,LOGZ,rs0502,0.17455,0.00591,0.25887,-0.12055999999999999,inf,Y,Y,N,Y,0.0,0.26805999999999996,N,N,2,35
1968,AGNFRAC,rs0503,0.10525999999999999,0.052629999999999996,0.21053000000000002,-inf,0.31579,Y,Y,N,N,0.14665999999999998,2e-05,N,N,1,4
1969,LOGQ,rs0503,6.15463,6.10858,6.24674,6.062530000000001,6.29279,Y,Y,N,N,0.0,0.00037,N,N,1,31
1970,LOGZ,rs0503,-0.07841000000000001,-0.20488,0.09022999999999999,-0.33136,0.21670999999999999,Y,Y,N,N,0.0,0.0069299999999999995,N,N,1,29
2022,AGNFRAC,rs0537,0.34210999999999997,0.26316,0.5,0.21053000000000002,0.65789,Y,Y,N,N,0.0,0.00031,N,N,1,13
2023,LOGQ,rs0537,6.10858,6.01647,6.20068,5.97042,6.24674,Y,Y,N,N,0.0,0.0,N,N,1,30
2024,LOGZ,rs0537,0.17455,0.00591,0.21670999999999999,-0.12055999999999999,inf,Y,Y,N,Y,0.0,0.11252999999999999,N,N,1,35
2037,AGNFRAC,rs0545,0.0,-inf,0.21053000000000002,-inf,0.47368000000000005,Y,Y,Y,N,0.38723,0.00061,N,N,1,0
2038,LOGQ,rs0545,5.83226,5.7401599999999995,5.97042,5.64805,6.062530000000001,Y,Y,N,N,0.0,0.0,N,N,1,24
2039,LOGZ,rs0545,-1.30103,-1.21671,-0.62648,-inf,-0.33136,N,Y,Y,N,0.1533,9e-05,N,N,1,0
2040,AGNFRAC,rs0546,0.052629999999999996,0.02632,0.34210999999999997,-inf,0.63158,Y,Y,Y,N,0.1806,0.0012900000000000001,N,N,1,2
2041,LOGQ,rs0546,6.20068,6.10858,6.29279,6.062530000000001,6.33884,Y,Y,N,N,0.0,0.00186,N,N,1,32
2042,LOGZ,rs0546,-0.62648,-0.87944,-0.37351999999999996,-1.17455,-0.16272,Y,Y,N,N,0.0115,8e-05,N,N,1,16
2073,AGNFRAC,rs0564,0.0,-inf,0.21053000000000002,-inf,0.47368000000000005,Y,Y,Y,N,0.36486999999999997,0.00045999999999999996,N,N,1,0
2074,LOGQ,rs0564,6.062530000000001,5.92437,6.15463,5.8783199999999995,6.24674,Y,Y,N,N,0.0,0.0,N,N,1,29
2075,LOGZ,rs0564,-0.5421600000000001,-1.04807,-0.37351999999999996,-1.2588700000000002,-0.12055999999999999,Y,Y,N,N,0.03941,0.00016,N,N,1,18
2088,AGNFRAC,rs0570,0.26316,0.15789,0.52632,0.052629999999999996,0.7631600000000001,Y,Y,N,N,0.0144,0.00251,N,N,1,10
2089,LOGQ,rs0570,6.062530000000001,5.92437,6.15463,5.83226,6.24674,Y,Y,N,N,0.0,0.0,N,N,1,29
2090,LOGZ,rs0570,-0.24704,-0.5,-0.03625,-0.7951199999999999,0.17455,Y,Y,N,N,0.00078,0.00205,N,N,1,25
2109,AGNFRAC,rs0582,1.0,0.9736799999999999,inf,0.94737,inf,Y,Y,N,Y,0.0,0.9938600000000001,N,Y,1,38
2110,LOGQ,rs0582,5.64805,5.602,5.7401599999999995,5.602,5.7401599999999995,Y,Y,N,N,0.0,0.0,N,N,1,20
2111,LOGZ,rs0582,0.17455,0.04807,0.21670999999999999,0.00591,0.21670999999999999,Y,Y,N,Y,0.0,0.0244,N,N,1,35
2112,AGNFRAC,rs0585,0.0,-inf,0.13158,-inf,0.23684000000000002,Y,Y,Y,N,0.5724899999999999,1e-05,Y,N,1,0
2113,LOGQ,rs0585,6.062530000000001,5.97042,6.15463,5.8783199999999995,6.24674,Y,Y,N,N,0.0,0.0,N,N,1,29
2114,LOGZ,rs0585,-0.33136,-0.7529600000000001,-0.20488,-1.17455,-0.03625,Y,Y,N,N,0.01225,0.00031,N,N,2,23
2118,AGNFRAC,rs0587,0.02632,-inf,0.13158,-inf,0.21053000000000002,Y,Y,Y,N,0.46576000000000006,7e-05,N,N,1,1
2119,LOGQ,rs0587,6.062530000000001,5.97042,6.15463,5.92437,6.20068,Y,Y,N,N,0.0,0.0,N,N,1,29
2120,LOGZ,rs0587,-0.07841000000000001,-0.20488,0.09022999999999999,-0.33136,0.21670999999999999,Y,Y,N,N,0.0,0.00639,N,N,1,29
2124,AGNFRAC,rs0595,1.0,0.9736799999999999,inf,0.94737,inf,Y,Y,N,Y,0.0,0.9936200000000001,N,Y,1,38
2125,LOGQ,rs0595,6.01647,5.97042,6.10858,5.92437,6.10858,Y,Y,N,N,0.0,0.0,N,N,1,28
2126,LOGZ,rs0595,-0.12055999999999999,-0.24704,0.00591,-0.33136,0.09022999999999999,Y,Y,N,N,0.0,0.0,N,N,1,28
2133,AGNFRAC,rs0600,0.0,-inf,0.21053000000000002,-inf,0.39474000000000004,Y,Y,Y,N,0.32866999999999996,0.00011999999999999999,N,N,1,0
2134,LOGQ,rs0600,6.15463,6.062530000000001,6.29279,5.97042,6.38489,Y,Y,N,N,0.0,0.00891,N,N,1,31
2135,LOGZ,rs0600,-0.20488,-0.45783999999999997,0.00591,-0.7108,0.17455,Y,Y,N,N,0.00016,0.00317,N,N,1,26
2139,AGNFRAC,rs0603,0.31579,0.23684000000000002,0.42105,0.18420999999999998,0.5526300000000001,Y,Y,N,N,0.0,7e-05,N,N,1,12
2140,LOGQ,rs0603,6.10858,6.062530000000001,6.20068,5.97042,6.24674,Y,Y,N,N,0.0,0.0,N,N,1,30
2141,LOGZ,rs0603,0.09022999999999999,-0.07841000000000001,0.17455,-0.16272,0.25887,Y,Y,N,N,0.0,0.02717,N,N,1,33
2145,AGNFRAC,rs0610,0.39474000000000004,0.26316,0.63158,0.15789,0.84211,Y,Y,N,N,0.00056,0.00455,N,N,1,15
2146,LOGQ,rs0610,6.20068,6.10858,6.29279,6.062530000000001,6.33884,Y,Y,N,N,0.0,2e-05,N,N,1,32
2147,LOGZ,rs0610,-0.16272,-0.33136,0.04807,-0.45783999999999997,0.17455,Y,Y,N,N,0.0,0.0027199999999999998,N,N,1,27
2166,AGNFRAC,rs0626,0.0,0.02632,0.31579,-inf,0.5526300000000001,N,Y,Y,N,0.23659000000000002,0.0005,N,N,1,0
2167,LOGQ,rs0626,6.24674,6.20068,6.33884,6.10858,6.38489,Y,Y,N,N,0.0,0.00245,N,N,1,33
2168,LOGZ,rs0626,-1.30103,-1.2588700000000002,-0.7529600000000001,-inf,-0.45783999999999997,N,Y,Y,N,0.1618,1e-05,N,N,1,0
2175,AGNFRAC,rs0636,0.10525999999999999,0.02632,0.18420999999999998,-inf,0.26316,Y,Y,N,N,0.16988,0.0,N,N,1,4
2176,LOGQ,rs0636,6.01647,5.92437,6.10858,5.8783199999999995,6.15463,Y,Y,N,N,0.0,0.0,N,N,1,28
2177,LOGZ,rs0636,-0.07841000000000001,-0.24704,0.09022999999999999,-0.37351999999999996,0.17455,Y,Y,N,N,0.0,0.004079999999999999,N,N,1,29
2187,AGNFRAC,rs0644,0.0,-inf,0.15789,-inf,0.34210999999999997,Y,Y,Y,N,0.4422,0.00015,N,N,1,0
2188,LOGQ,rs0644,5.97042,5.8783199999999995,6.062530000000001,5.78621,6.15463,Y,Y,N,N,0.0,0.0,N,N,1,27
2189,LOGZ,rs0644,-0.5,-0.7951199999999999,-0.2892,-1.13239,-0.07841000000000001,Y,Y,N,N,0.01025,0.00013000000000000002,N,N,1,19
2193,AGNFRAC,rs0650,0.57895,0.5,0.71053,0.42105,0.84211,Y,Y,N,N,0.0,0.00359,N,N,1,22
2194,LOGQ,rs0650,5.7401599999999995,5.64805,5.83226,5.55595,5.92437,Y,Y,N,N,0.0,0.0,N,N,1,22
2195,LOGZ,rs0650,0.21670999999999999,0.04807,0.25887,-0.07841000000000001,inf,Y,Y,N,Y,0.0,0.2308,N,N,1,36
2205,AGNFRAC,rs0669,0.5526300000000001,0.42105,0.81579,0.28947,0.9736799999999999,Y,Y,N,N,1e-05,0.029830000000000002,N,N,1,21
2206,LOGQ,rs0669,6.24674,6.15463,6.33884,6.10858,6.38489,Y,Y,N,N,0.0,0.014980000000000002,N,N,1,33
2207,LOGZ,rs0669,0.17455,0.00591,0.21670999999999999,-0.07841000000000001,inf,Y,Y,N,Y,0.0,0.13133,N,N,1,35
2214,AGNFRAC,rs0672,1.0,0.92105,inf,0.84211,inf,Y,Y,N,Y,0.0,0.69458,N,Y,1,38
2215,LOGQ,rs0672,5.78621,5.69411,5.8783199999999995,5.64805,5.92437,Y,Y,N,N,0.0,0.0,N,N,1,23
2216,LOGZ,rs0672,0.21670999999999999,0.13239,0.25887,0.04807,inf,Y,Y,N,Y,0.0,0.47011000000000003,N,N,1,36
2223,AGNFRAC,rs0688,0.0,-inf,0.02632,-inf,0.052629999999999996,Y,Y,Y,N,0.9762,0.0,Y,N,1,0
2224,LOGQ,rs0688,5.97042,5.78621,6.062530000000001,5.69411,6.15463,Y,Y,N,N,0.0,1e-05,N,N,1,27
2225,LOGZ,rs0688,0.30103,0.13239,inf,0.00591,inf,Y,Y,N,Y,0.0,0.64603,N,Y,1,38
2244,AGNFRAC,rs0713,0.15789,0.07895,0.42105,-inf,0.68421,Y,Y,N,N,0.09687,0.0015199999999999999,N,N,1,6
2245,LOGQ,rs0713,6.24674,6.15463,6.33884,6.062530000000001,6.38489,Y,Y,N,N,0.0,0.00535,N,N,1,33
2246,LOGZ,rs0713,-1.30103,-1.2588700000000002,-0.87944,-inf,-0.58432,N,Y,Y,N,0.26819,2.9999999999999997e-05,N,N,1,0
2286,AGNFRAC,rs0745,0.13158,0.052629999999999996,0.23684000000000002,-inf,0.31579,Y,Y,N,N,0.08057,1e-05,N,N,1,5
2287,LOGQ,rs0745,6.10858,6.01647,6.24674,5.97042,6.29279,Y,Y,N,N,0.0,0.00021,N,N,1,30
2288,LOGZ,rs0745,-0.20488,-0.37351999999999996,0.00591,-0.5421600000000001,0.13239,Y,Y,N,N,0.0,0.0016699999999999998,N,N,1,26
2289,AGNFRAC,rs0746,0.0,0.02632,0.31579,-inf,0.71053,N,Y,Y,N,0.28865999999999997,0.00299,N,N,1,0
2290,LOGQ,rs0746,6.10858,5.97042,6.24674,5.8783199999999995,6.33884,Y,Y,N,N,0.0,0.00301,N,N,1,30
2291,LOGZ,rs0746,-0.5,-0.8372799999999999,-0.20488,-1.17455,0.00591,Y,Y,N,N,0.01275,0.00039,N,N,1,19
2307,AGNFRAC,rs0757,0.18420999999999998,0.10525999999999999,0.36841999999999997,0.02632,0.5526300000000001,Y,Y,N,N,0.03146,0.00022999999999999998,N,N,1,7
2308,LOGQ,rs0757,6.20068,6.10858,6.29279,6.062530000000001,6.38489,Y,Y,N,N,0.0,0.0063,N,N,1,32
2309,LOGZ,rs0757,0.00591,-0.16272,0.13239,-0.33136,0.21670999999999999,Y,Y,N,N,0.0,0.012790000000000001,N,N,1,31
2325,AGNFRAC,rs0769,0.0,-inf,0.21053000000000002,-inf,0.39474000000000004,Y,Y,Y,N,0.39184,0.0001,N,N,1,0
2326,LOGQ,rs0769,6.33884,6.20068,6.38489,6.062530000000001,6.43095,Y,Y,N,Y,0.0,0.09671,N,N,1,35
2327,LOGZ,rs0769,-0.66864,-1.09023,-0.37351999999999996,-1.2588700000000002,-0.07841000000000001,Y,Y,N,N,0.05056,0.0003,N,N,1,15
2334,AGNFRAC,rs0775,0.0,-inf,0.18420999999999998,-inf,0.34210999999999997,Y,Y,Y,N,0.44383,5.9999999999999995e-05,N,N,1,0
2335,LOGQ,rs0775,6.10858,6.01647,6.20068,5.92437,6.24674,Y,Y,N,N,0.0,0.0,N,N,1,30
2336,LOGZ,rs0775,-1.00591,-1.17455,-0.58432,-inf,-0.33136,Y,Y,N,N,0.10385,5e-05,N,N,2,7
2352,AGNFRAC,rs0783,0.23684000000000002,0.15789,0.39474000000000004,0.10525999999999999,0.5526300000000001,Y,Y,N,N,0.00016,0.0005099999999999999,N,N,1,9
2353,LOGQ,rs0783,5.92437,5.83226,6.01647,5.7401599999999995,6.15463,Y,Y,N,N,0.0,0.0,N,N,1,26
2354,LOGZ,rs0783,0.30103,0.21670999999999999,inf,0.13239,inf,Y,Y,N,Y,0.0,0.8756200000000001,N,Y,1,38
2358,AGNFRAC,rs0785,0.0,-inf,0.28947,-inf,0.7368399999999999,Y,Y,Y,N,0.33486,0.00371,N,N,1,0
2359,LOGQ,rs0785,5.7401599999999995,5.64805,5.8783199999999995,5.50989,6.01647,Y,Y,N,N,0.0,0.0,N,N,1,22
2360,LOGZ,rs0785,-1.30103,-1.2588700000000002,-0.58432,-inf,-0.24704,N,Y,Y,N,0.17903,0.00025,N,N,1,0
2379,AGNFRAC,rs0798,0.34210999999999997,0.26316,0.42105,0.21053000000000002,0.52632,Y,Y,N,N,0.0,1e-05,N,N,1,13
2380,LOGQ,rs0798,5.97042,5.8783199999999995,6.062530000000001,5.83226,6.10858,Y,Y,N,N,0.0,0.0,N,N,1,27
2381,LOGZ,rs0798,-0.03625,-0.20488,0.13239,-0.33136,0.21670999999999999,Y,Y,N,N,0.0,0.00628,N,N,1,30
2382,AGNFRAC,rs0799,0.0,-inf,0.21053000000000002,-inf,0.44737,Y,Y,Y,N,0.41975,0.00056,N,N,1,0
2383,LOGQ,rs0799,5.97042,5.8783199999999995,6.10858,5.78621,6.20068,Y,Y,N,N,0.0,0.0,N,N,1,27
2384,LOGZ,rs0799,-0.5421600000000001,-1.09023,-0.41568,-inf,-0.16272,Y,Y,N,N,0.05839,0.00016999999999999999,N,N,1,18
2385,AGNFRAC,rs0800,0.15789,0.10525999999999999,0.71053,-inf,0.9736799999999999,Y,Y,N,N,0.06829,0.03142,N,N,2,6
2386,LOGQ,rs0800,6.062530000000001,5.8783199999999995,6.24674,5.7401599999999995,6.33884,Y,Y,N,N,0.0,0.00121,N,N,1,29
2387,LOGZ,rs0800,-0.5421600000000001,-0.9215899999999999,-0.2892,-1.21671,-0.07841000000000001,Y,Y,N,N,0.02188,5e-05,N,N,1,18
2427,AGNFRAC,rs0829,0.07895,0.02632,0.28947,-inf,0.5,Y,Y,N,N,0.17567,0.00022,N,N,1,3
2428,LOGQ,rs0829,6.15463,6.062530000000001,6.29279,5.97042,6.38489,Y,Y,N,N,0.0,0.0194,N,N,1,31
2429,LOGZ,rs0829,0.04807,-0.20488,0.17455,-0.33136,0.25887,Y,Y,N,N,0.0,0.03047,N,N,1,32
2430,AGNFRAC,rs0830,0.42105,0.28947,0.71053,0.15789,0.92105,Y,Y,N,N,0.00126,0.01206,N,N,1,16
2431,LOGQ,rs0830,6.24674,6.20068,6.33884,6.10858,6.38489,Y,Y,N,N,0.0,0.00457,N,N,1,33
2432,LOGZ,rs0830,-0.5,-0.7529600000000001,-0.33136,-0.96375,-0.12055999999999999,Y,Y,N,N,0.00125,5e-05,N,N,1,19
2478,AGNFRAC,rs0854,0.0,0.02632,0.26316,-inf,0.44737,N,Y,Y,N,0.27416999999999997,0.00018,N,N,1,0
2479,LOGQ,rs0854,6.10858,6.01647,6.20068,5.92437,6.29279,Y,Y,N,N,0.0,0.0001,N,N,1,30
2480,LOGZ,rs0854,-0.45783999999999997,-0.7951199999999999,-0.24704,-1.13239,-0.03625,Y,Y,N,N,0.007790000000000001,0.00018999999999999998,N,N,1,20
2502,AGNFRAC,rs0872,0.0,-inf,0.26316,-inf,0.5,Y,Y,Y,N,0.31732,0.00049,N,N,1,0
2503,LOGQ,rs0872,6.15463,6.062530000000001,6.24674,5.97042,6.33884,Y,Y,N,N,0.0,0.00042,N,N,1,31
2504,LOGZ,rs0872,-0.66864,-1.09023,-0.41568,-1.2588700000000002,-0.16272,Y,Y,N,N,0.04825,7e-05,N,N,1,15
2505,AGNFRAC,rs0873,0.052629999999999996,0.02632,0.15789,-inf,0.26316,Y,Y,Y,N,0.31356999999999996,0.0,N,N,1,2
2506,LOGQ,rs0873,6.10858,5.97042,6.20068,5.8783199999999995,6.24674,Y,Y,N,N,0.0,2.9999999999999997e-05,N,N,1,30
2507,LOGZ,rs0873,0.00591,-0.20488,0.13239,-0.37351999999999996,0.21670999999999999,Y,Y,N,N,0.0,0.01707,N,N,1,31
2508,AGNFRAC,rs0875,0.18420999999999998,0.07895,0.31579,0.02632,0.44737,Y,Y,N,N,0.05114,4e-05,N,N,1,7
2509,LOGQ,rs0875,6.20068,6.10858,6.24674,6.062530000000001,6.29279,Y,Y,N,N,0.0,0.0,N,N,1,32
2510,LOGZ,rs0875,-0.41568,-0.58432,-0.20488,-0.7529600000000001,-0.03625,Y,Y,N,N,2e-05,0.00021,N,N,1,21
2517,AGNFRAC,rs0882,1.0,0.81579,inf,0.68421,inf,Y,Y,N,Y,0.00164,0.32777,N,N,2,38
2518,LOGQ,rs0882,5.64805,5.55595,5.7401599999999995,5.46384,5.83226,Y,Y,N,N,0.0,0.0,N,N,2,20
2519,LOGZ,rs0882,0.21670999999999999,0.17455,inf,0.04807,inf,Y,Y,N,Y,0.0,0.5886600000000001,N,Y,1,36
2520,AGNFRAC,rs0883,0.0,-inf,0.23684000000000002,-inf,0.5,Y,Y,Y,N,0.33435,0.0005200000000000001,N,N,1,0
2521,LOGQ,rs0883,6.01647,5.7401599999999995,6.20068,5.50989,6.33884,Y,Y,N,N,0.00011999999999999999,0.007379999999999999,N,N,1,28
2522,LOGZ,rs0883,0.30103,-0.03625,inf,-0.24704,inf,Y,Y,N,Y,0.0,0.34681999999999996,N,N,1,38
2523,AGNFRAC,rs0886,0.34210999999999997,0.23684000000000002,0.47368000000000005,0.18420999999999998,0.60526,Y,Y,N,N,2e-05,0.00014,N,N,1,13
2524,LOGQ,rs0886,6.01647,5.92437,6.10858,5.8783199999999995,6.15463,Y,Y,N,N,0.0,0.0,N,N,1,28
2525,LOGZ,rs0886,-0.07841000000000001,-0.24704,0.04807,-0.41568,0.17455,Y,Y,N,N,0.0,0.00281,N,N,1,29
2529,AGNFRAC,rs0889,0.10525999999999999,0.052629999999999996,0.39474000000000004,-inf,0.63158,Y,Y,N,N,0.09212999999999999,0.0009599999999999999,N,N,1,4
2530,LOGQ,rs0889,6.15463,5.83226,6.24674,5.69411,6.29279,Y,Y,N,N,0.0,0.00042,N,N,1,31
2531,LOGZ,rs0889,0.21670999999999999,-0.03625,0.25887,-0.20488,inf,Y,Y,N,Y,0.0,0.29277,N,N,1,36
2532,AGNFRAC,rs0892,0.07895,0.052629999999999996,0.36841999999999997,-inf,0.78947,Y,Y,N,N,0.14001,0.00442,N,N,1,3
2533,LOGQ,rs0892,5.50989,5.0033199999999995,5.69411,4.77305,5.97042,Y,Y,N,N,0.0457,0.0,N,N,1,17
2534,LOGZ,rs0892,0.21670999999999999,-0.16272,0.21670999999999999,-0.7529600000000001,inf,Y,Y,N,Y,0.0026899999999999997,0.14415999999999998,N,N,1,36
2538,AGNFRAC,rs0896,0.68421,0.57895,0.84211,0.5,0.9736799999999999,Y,Y,N,N,0.0,0.03238,N,N,1,26
2539,LOGQ,rs0896,6.10858,6.01647,6.15463,5.97042,6.20068,Y,Y,N,N,0.0,0.0,N,N,1,30
2540,LOGZ,rs0896,0.17455,0.00591,0.21670999999999999,-0.12055999999999999,0.25887,Y,Y,N,Y,0.0,0.06232000000000001,N,N,1,35
2544,AGNFRAC,rs0899,0.0,0.02632,0.31579,-inf,0.60526,N,Y,Y,N,0.2395,0.0009,N,N,1,0
2545,LOGQ,rs0899,6.29279,6.15463,6.33884,6.01647,6.43095,Y,Y,N,N,0.0,0.045610000000000005,N,N,1,34
2546,LOGZ,rs0899,-1.17455,-1.21671,-0.58432,-inf,-0.2892,Y,Y,N,N,0.11937,4e-05,N,N,1,3
2553,AGNFRAC,rs0903,0.07895,0.02632,0.28947,-inf,0.5,Y,Y,N,N,0.18126,0.00033,N,N,1,3
2554,LOGQ,rs0903,6.10858,6.01647,6.24674,5.8783199999999995,6.33884,Y,Y,N,N,0.0,0.00558,N,N,1,30
2555,LOGZ,rs0903,0.09022999999999999,-0.16272,0.17455,-0.33136,0.25887,Y,Y,N,N,0.0,0.04501,N,N,1,33
2556,AGNFRAC,rs0905,0.0,0.052629999999999996,0.5526300000000001,-inf,0.8684200000000001,N,Y,Y,N,0.12759,0.00834,N,N,1,0
2557,LOGQ,rs0905,6.29279,6.15463,6.33884,5.83226,6.43095,Y,Y,N,N,0.0,0.033339999999999995,N,N,1,34
2558,LOGZ,rs0905,-1.30103,-1.2588700000000002,-0.7951199999999999,-inf,-0.45783999999999997,N,Y,Y,N,0.24324,8e-05,N,N,1,0
2565,AGNFRAC,rs0909,0.0,0.10525999999999999,0.92105,-inf,inf,N,Y,Y,N,0.09237999999999999,0.08471000000000001,N,N,2,0
2566,LOGQ,rs0909,5.8783199999999995,5.78621,6.15463,5.7401599999999995,6.29279,Y,Y,N,N,0.0,0.00018,N,N,2,25
2567,LOGZ,rs0909,-0.5421600000000001,-0.9215899999999999,-0.37351999999999996,-1.21671,-0.16272,Y,Y,N,N,0.02213,2e-05,N,N,1,18
2589,AGNFRAC,rs0930,0.0,-inf,0.15789,-inf,0.31579,Y,Y,Y,N,0.48986,7e-05,N,N,1,0
2590,LOGQ,rs0930,6.10858,6.01647,6.20068,5.92437,6.24674,Y,Y,N,N,0.0,0.0,N,N,1,30
2591,LOGZ,rs0930,-0.62648,-1.09023,-0.45783999999999997,-inf,-0.24704,Y,Y,N,N,0.054470000000000005,8e-05,N,N,1,16
2619,AGNFRAC,rs0951,0.18420999999999998,0.07895,0.34210999999999997,0.02632,0.52632,Y,Y,N,N,0.049760000000000006,0.00021,N,N,1,7
2620,LOGQ,rs0951,5.8783199999999995,5.7401599999999995,6.01647,5.55595,6.10858,Y,Y,N,N,0.00027,0.0,N,N,1,25
2621,LOGZ,rs0951,-0.07841000000000001,-0.33136,0.13239,-0.62648,0.21670999999999999,Y,Y,N,N,0.00018999999999999998,0.024059999999999998,N,N,1,29
2625,AGNFRAC,rs0954,1.0,0.84211,inf,0.7368399999999999,inf,Y,Y,N,Y,0.0,0.40706,N,N,2,38
2626,LOGQ,rs0954,5.64805,5.55595,5.7401599999999995,5.50989,5.83226,Y,Y,N,N,0.0,0.0,N,N,1,20
2627,LOGZ,rs0954,0.25887,0.17455,inf,0.13239,inf,Y,Y,N,Y,0.0,0.7734,N,Y,1,37
2643,AGNFRAC,rs0965,0.02632,-inf,0.21053000000000002,-inf,0.47368000000000005,Y,Y,Y,N,0.34698,0.0009699999999999999,N,N,1,1
2644,LOGQ,rs0965,5.83226,5.64805,5.92437,5.50989,6.01647,Y,Y,N,N,1e-05,0.0,N,N,1,24
2645,LOGZ,rs0965,0.21670999999999999,0.04807,0.25887,-0.07841000000000001,inf,Y,Y,N,Y,0.0,0.3054,N,N,1,36
2655,AGNFRAC,rs0973,0.0,-inf,0.15789,-inf,0.36841999999999997,Y,Y,Y,N,0.48158,0.00025,N,N,1,0
2656,LOGQ,rs0973,5.97042,5.8783199999999995,6.10858,5.78621,6.20068,Y,Y,N,N,0.0,0.0,N,N,1,27
2657,LOGZ,rs0973,-1.30103,-1.13239,-0.24704,-inf,0.04807,N,Y,Y,N,0.07718,0.0015,N,N,3,0
2658,AGNFRAC,rs0974,0.0,-inf,0.07895,-inf,0.15789,Y,Y,Y,N,0.7196199999999999,0.0,Y,N,1,0
2659,LOGQ,rs0974,6.15463,6.062530000000001,6.24674,5.97042,6.29279,Y,Y,N,N,0.0,0.00114,N,N,1,31
2660,LOGZ,rs0974,0.09022999999999999,-0.07841000000000001,0.17455,-0.24704,0.25887,Y,Y,N,N,0.0,0.03368,N,N,1,33
2664,AGNFRAC,rs0977,0.0,0.02632,0.36841999999999997,-inf,0.7368399999999999,N,Y,Y,N,0.22386999999999999,0.0014,N,N,2,0
2665,LOGQ,rs0977,6.15463,6.062530000000001,6.20068,5.97042,6.24674,Y,Y,N,N,0.0,0.0,N,N,1,31
2666,LOGZ,rs0977,-1.30103,-1.2588700000000002,-0.7108,-inf,inf,N,Y,Y,N,0.22903,0.05396,N,N,2,0
2667,AGNFRAC,rs0978,0.42105,0.34210999999999997,0.5526300000000001,0.26316,0.71053,Y,Y,N,N,0.0,0.00056,N,N,1,16
2668,LOGQ,rs0978,5.8783199999999995,5.78621,5.97042,5.7401599999999995,6.062530000000001,Y,Y,N,N,0.0,0.0,N,N,1,25
2669,LOGZ,rs0978,-0.20488,-0.41568,-0.03625,-0.58432,0.13239,Y,Y,N,N,2.9999999999999997e-05,0.0008,N,N,1,26
2688,AGNFRAC,rs0986,0.0,-inf,0.18420999999999998,-inf,0.36841999999999997,Y,Y,Y,N,0.45366000000000006,0.00025,N,N,1,0
2689,LOGQ,rs0986,5.97042,5.8783199999999995,6.15463,5.78621,6.24674,Y,Y,N,N,0.0,0.0,N,N,1,27
2690,LOGZ,rs0986,-0.5421600000000001,-1.13239,-0.37351999999999996,-inf,-0.07841000000000001,Y,Y,N,N,0.0635,0.00033999999999999997,N,N,1,18
2706,AGNFRAC,rs1000,0.13158,0.052629999999999996,0.23684000000000002,0.02632,0.34210999999999997,Y,Y,N,N,0.07504,2e-05,N,N,1,5
2707,LOGQ,rs1000,6.20068,6.062530000000001,6.29279,6.01647,6.33884,Y,Y,N,N,0.0,0.0016699999999999998,N,N,1,32
2708,LOGZ,rs1000,-0.20488,-0.37351999999999996,-0.03625,-0.5421600000000001,0.13239,Y,Y,N,N,0.0,0.0013,N,N,1,26
2715,AGNFRAC,rs1004,1.0,0.89474,inf,0.84211,inf,Y,Y,N,Y,0.0,0.6674899999999999,N,Y,1,38
2716,LOGQ,rs1004,5.83226,5.7401599999999995,5.8783199999999995,5.69411,5.92437,Y,Y,N,N,0.0,0.0,N,N,1,24
2717,LOGZ,rs1004,0.21670999999999999,0.17455,inf,0.17455,inf,Y,Y,N,Y,0.0,0.7257100000000001,N,Y,1,36
2721,AGNFRAC,rs1009,0.0,-inf,0.23684000000000002,-inf,0.5,Y,Y,Y,N,0.35185,0.0005,N,N,1,0
2722,LOGQ,rs1009,5.97042,5.8783199999999995,6.10858,5.78621,6.20068,Y,Y,N,N,0.0,0.0,N,N,1,27
2723,LOGZ,rs1009,-1.30103,-1.21671,-0.58432,-inf,-0.2892,N,Y,Y,N,0.12305,8e-05,N,N,1,0
2736,AGNFRAC,rs1020,0.0,-inf,0.23684000000000002,-inf,0.57895,Y,Y,Y,N,0.36191,0.00109,N,N,1,0
2737,LOGQ,rs1020,5.92437,5.78621,6.01647,5.69411,6.15463,Y,Y,N,N,0.0,0.0,N,N,1,26
2738,LOGZ,rs1020,-0.7108,-1.13239,-0.5,-inf,-0.24704,Y,Y,N,N,0.07071000000000001,5e-05,N,N,1,14
2742,AGNFRAC,rs1023,0.10525999999999999,0.052629999999999996,0.18420999999999998,-inf,0.26316,Y,Y,N,N,0.12040999999999999,0.0,N,N,1,4
2743,LOGQ,rs1023,6.062530000000001,5.97042,6.15463,5.92437,6.20068,Y,Y,N,N,0.0,0.0,N,N,1,29
2744,LOGZ,rs1023,0.00591,-0.12055999999999999,0.17455,-0.24704,0.25887,Y,Y,N,N,0.0,0.025769999999999998,N,N,1,31
2745,AGNFRAC,rs1025,1.0,0.94737,inf,0.92105,inf,Y,Y,N,Y,0.0,0.91015,N,Y,1,38
2746,LOGQ,rs1025,5.69411,5.602,5.7401599999999995,5.602,5.78621,Y,Y,N,N,0.0,0.0,N,N,1,21
2747,LOGZ,rs1025,0.21670999999999999,0.17455,0.25887,0.09022999999999999,inf,Y,Y,N,Y,0.0,0.50212,N,Y,1,36
2769,AGNFRAC,rs1036,1.0,0.81579,inf,0.7368399999999999,inf,Y,Y,N,Y,0.0,0.33749,N,N,1,38
2770,LOGQ,rs1036,5.83226,5.7401599999999995,5.92437,5.69411,6.01647,Y,Y,N,N,0.0,0.0,N,N,1,24
2771,LOGZ,rs1036,0.04807,-0.12055999999999999,0.17455,-0.2892,0.21670999999999999,Y,Y,N,N,0.0,0.01681,N,N,1,32
2772,AGNFRAC,rs1038,0.0,0.02632,0.34210999999999997,-inf,0.65789,N,Y,Y,N,0.28121,0.00103,N,N,1,0
2773,LOGQ,rs1038,6.10858,5.97042,6.20068,5.8783199999999995,6.29279,Y,Y,N,N,0.0,0.0,N,N,1,30
2774,LOGZ,rs1038,-1.17455,-1.21671,-0.66864,-inf,-0.41568,Y,Y,N,N,0.1291,2e-05,N,N,1,3
2778,AGNFRAC,rs1041,0.0,0.02632,0.31579,-inf,0.68421,N,Y,Y,N,0.28436999999999996,0.00257,N,N,1,0
2779,LOGQ,rs1041,5.92437,5.78621,6.01647,5.69411,6.10858,Y,Y,N,N,0.0,0.0,N,N,1,26
2780,LOGZ,rs1041,-1.30103,-1.2588700000000002,-0.7529600000000001,-inf,-0.45783999999999997,N,Y,Y,N,0.19057000000000002,5e-05,N,N,1,0
2787,AGNFRAC,rs1046,1.0,0.89474,inf,0.81579,inf,Y,Y,N,Y,0.0,0.62626,N,Y,1,38
2788,LOGQ,rs1046,6.15463,6.062530000000001,6.20068,6.062530000000001,6.20068,Y,Y,N,N,0.0,0.0,N,N,1,31
2789,LOGZ,rs1046,0.09022999999999999,-0.03625,0.17455,-0.12055999999999999,0.21670999999999999,Y,Y,N,N,0.0,0.008620000000000001,N,N,1,33
2790,AGNFRAC,rs1047,0.0,-inf,0.13158,-inf,0.26316,Y,Y,Y,N,0.52792,2e-05,Y,N,1,0
2791,LOGQ,rs1047,6.15463,6.01647,6.24674,5.97042,6.29279,Y,Y,N,N,0.0,0.0,N,N,1,31
2792,LOGZ,rs1047,-0.5421600000000001,-0.96375,-0.37351999999999996,-1.2588700000000002,-0.16272,Y,Y,N,N,0.03108,0.00016,N,N,1,18
2838,AGNFRAC,rs1073,0.0,0.02632,0.36841999999999997,-inf,0.65789,N,Y,Y,N,0.2084,0.00147,N,N,1,0
2839,LOGQ,rs1073,6.29279,6.20068,6.38489,6.10858,6.43095,Y,Y,N,N,0.0,0.049839999999999995,N,N,1,34
2840,LOGZ,rs1073,-1.30103,-1.2588700000000002,-0.7529600000000001,-inf,-0.45783999999999997,N,Y,Y,N,0.20023,2e-05,N,N,1,0
2844,AGNFRAC,rs1075,0.13158,0.052629999999999996,0.21053000000000002,-inf,0.28947,Y,Y,N,N,0.07786,0.0,N,N,1,5
2845,LOGQ,rs1075,5.8783199999999995,5.78621,5.97042,5.7401599999999995,6.062530000000001,Y,Y,N,N,0.0,0.0,N,N,1,25
2846,LOGZ,rs1075,0.09022999999999999,-0.07841000000000001,0.17455,-0.20488,0.25887,Y,Y,N,N,0.0,0.045610000000000005,N,N,1,33
2871,AGNFRAC,rs1086,0.60526,0.52632,0.78947,0.42105,0.94737,Y,Y,N,N,0.0,0.01772,N,N,1,23
2872,LOGQ,rs1086,6.15463,6.062530000000001,6.20068,6.01647,6.24674,Y,Y,N,N,0.0,0.0,N,N,1,31
2873,LOGZ,rs1086,0.17455,0.04807,0.25887,-0.03625,inf,Y,Y,N,Y,0.0,0.21305,N,N,1,35
2883,AGNFRAC,rs1092,0.0,-inf,0.10525999999999999,-inf,0.18420999999999998,Y,Y,Y,N,0.5808800000000001,1e-05,Y,N,1,0
2884,LOGQ,rs1092,6.10858,6.01647,6.20068,5.92437,6.24674,Y,Y,N,N,0.0,8e-05,N,N,1,30
2885,LOGZ,rs1092,0.09022999999999999,-0.12055999999999999,0.17455,-0.24704,0.25887,Y,Y,N,N,0.0,0.04382,N,N,1,33
2886,AGNFRAC,rs1093,1.0,0.81579,inf,0.63158,inf,Y,Y,N,Y,0.0,0.41339,N,N,1,38
2887,LOGQ,rs1093,5.78621,5.69411,5.8783199999999995,5.64805,6.01647,Y,Y,N,N,0.0,0.0,N,N,1,23
2888,LOGZ,rs1093,0.21670999999999999,0.13239,0.25887,0.00591,inf,Y,Y,N,Y,0.0,0.41923999999999995,N,N,1,36
2904,AGNFRAC,rs1105,0.0,0.02632,0.28947,-inf,0.57895,N,Y,Y,N,0.29443,0.0009699999999999999,N,N,1,0
2905,LOGQ,rs1105,6.10858,5.97042,6.20068,5.8783199999999995,6.24674,Y,Y,N,N,0.0,0.0,N,N,1,30
2906,LOGZ,rs1105,-1.17455,-1.21671,-0.66864,-inf,-0.41568,Y,Y,N,N,0.13277,1e-05,N,N,1,3
2922,AGNFRAC,rs1112,0.34210999999999997,0.26316,0.5,0.18420999999999998,0.68421,Y,Y,N,N,2.9999999999999997e-05,0.0013,N,N,1,13
2923,LOGQ,rs1112,6.062530000000001,5.97042,6.15463,5.8783199999999995,6.20068,Y,Y,N,N,0.0,0.0,N,N,1,29
2924,LOGZ,rs1112,0.04807,-0.12055999999999999,0.17455,-0.2892,0.25887,Y,Y,N,N,0.0,0.03758,N,N,1,32
2949,AGNFRAC,rs1123,0.02632,-inf,0.10525999999999999,-inf,0.15789,Y,Y,Y,N,0.55647,0.0,Y,N,1,1
2950,LOGQ,rs1123,6.10858,6.01647,6.24674,5.97042,6.29279,Y,Y,N,N,0.0,0.00015,N,N,1,30
2951,LOGZ,rs1123,-0.03625,-0.16272,0.13239,-0.33136,0.21670999999999999,Y,Y,N,N,0.0,0.01211,N,N,1,30
2973,AGNFRAC,rs1134,0.02632,-inf,0.15789,-inf,0.26316,Y,Y,Y,N,0.38503000000000004,7e-05,N,N,1,1
2974,LOGQ,rs1134,6.01647,5.92437,6.10858,5.8783199999999995,6.20068,Y,Y,N,N,0.0,1e-05,N,N,1,28
2975,LOGZ,rs1134,-0.03625,-0.16272,0.13239,-0.2892,0.21670999999999999,Y,Y,N,N,0.0,0.01461,N,N,1,30
2976,AGNFRAC,rs1135,0.0,-inf,0.10525999999999999,-inf,0.21053000000000002,Y,Y,Y,N,0.61516,2e-05,Y,N,1,0
2977,LOGQ,rs1135,5.97042,5.83226,6.062530000000001,5.78621,6.15463,Y,Y,N,N,0.0,0.0,N,N,1,27
2978,LOGZ,rs1135,-0.2892,-0.62648,0.00591,-1.09023,0.17455,Y,Y,N,N,0.00869,0.00439,N,N,1,24
2985,AGNFRAC,rs1143,0.0,-inf,0.15789,-inf,0.34210999999999997,Y,Y,Y,N,0.49187,0.0002,N,N,1,0
2986,LOGQ,rs1143,6.01647,5.8783199999999995,6.10858,5.83226,6.20068,Y,Y,N,N,0.0,0.0,N,N,1,28
2987,LOGZ,rs1143,-0.5421600000000001,-1.09023,-0.41568,-1.2588700000000002,-0.20488,Y,Y,N,N,0.05144,0.00018,N,N,1,18
3003,AGNFRAC,rs1150,1.0,0.7631600000000001,inf,0.63158,inf,Y,Y,N,Y,0.0,0.31677,N,N,1,38
3004,LOGQ,rs1150,6.20068,6.10858,6.24674,6.01647,6.29279,Y,Y,N,N,0.0,0.0,N,N,1,32
3005,LOGZ,rs1150,-0.33136,-0.45783999999999997,-0.12055999999999999,-0.62648,0.04807,Y,Y,N,N,0.0,0.00015,N,N,1,23
3006,AGNFRAC,rs1152,0.052629999999999996,0.02632,0.13158,-inf,0.18420999999999998,Y,Y,Y,N,0.38419000000000003,0.0,N,N,1,2
3007,LOGQ,rs1152,6.20068,6.10858,6.24674,6.062530000000001,6.29279,Y,Y,N,N,0.0,8e-05,N,N,1,32
3008,LOGZ,rs1152,-0.03625,-0.16272,0.13239,-0.24704,0.21670999999999999,Y,Y,N,N,0.0,0.01706,N,N,1,30
3030,AGNFRAC,rs1165,0.0,-inf,0.18420999999999998,-inf,0.36841999999999997,Y,Y,Y,N,0.37240999999999996,4e-05,N,N,1,0
3031,LOGQ,rs1165,5.97042,5.8783199999999995,6.062530000000001,5.83226,6.15463,Y,Y,N,N,0.0,0.0,N,N,1,27
3032,LOGZ,rs1165,-0.66864,-1.09023,-0.5,-1.2588700000000002,-0.2892,Y,Y,N,N,0.04832,2e-05,N,N,1,15
3033,AGNFRAC,rs1166,0.10525999999999999,0.052629999999999996,0.42105,-inf,0.7631600000000001,Y,Y,N,N,0.1186,0.00307,N,N,1,4
3034,LOGQ,rs1166,5.97042,5.8783199999999995,6.062530000000001,5.78621,6.15463,Y,Y,N,N,0.0,0.0,N,N,1,27
3035,LOGZ,rs1166,-1.30103,-1.2588700000000002,-0.87944,-inf,-0.62648,N,Y,Y,N,0.25246,0.0,N,N,1,0
3036,AGNFRAC,rs1168,0.10525999999999999,0.052629999999999996,0.21053000000000002,-inf,0.26316,Y,Y,N,N,0.11406,0.0,N,N,1,4
3037,LOGQ,rs1168,6.01647,5.92437,6.10858,5.8783199999999995,6.15463,Y,Y,N,N,0.0,2e-05,N,N,1,28
3038,LOGZ,rs1168,0.00591,-0.12055999999999999,0.13239,-0.24704,0.21670999999999999,Y,Y,N,N,0.0,0.01816,N,N,1,31
3072,AGNFRAC,rs1186,0.52632,0.42105,0.7368399999999999,0.31579,0.92105,Y,Y,N,N,0.0,0.00985,N,N,1,20
3073,LOGQ,rs1186,6.10858,6.01647,6.15463,5.97042,6.24674,Y,Y,N,N,0.0,0.0,N,N,1,30
3074,LOGZ,rs1186,0.13239,-0.03625,0.21670999999999999,-0.16272,0.25887,Y,Y,N,N,0.0,0.057479999999999996,N,N,1,34
3087,AGNFRAC,rs1192,0.0,-inf,0.15789,-inf,0.36841999999999997,Y,Y,Y,N,0.49921000000000004,0.0003,N,N,1,0
3088,LOGQ,rs1192,6.01647,5.8783199999999995,6.15463,5.78621,6.24674,Y,Y,N,N,0.0,0.0,N,N,1,28
3089,LOGZ,rs1192,-0.5421600000000001,-1.04807,-0.2892,-1.2588700000000002,0.00591,Y,Y,N,N,0.0452,0.0010400000000000001,N,N,1,18
3090,AGNFRAC,rs1193,0.0,0.02632,0.28947,-inf,0.52632,N,Y,Y,N,0.24163,0.00032,N,N,1,0
3091,LOGQ,rs1193,6.10858,5.97042,6.15463,5.92437,6.24674,Y,Y,N,N,0.0,0.0,N,N,1,30
3092,LOGZ,rs1193,-0.7529600000000001,-1.13239,-0.5421600000000001,-inf,-0.2892,Y,Y,N,N,0.07364,2e-05,N,N,1,13
3093,AGNFRAC,rs1195,0.18420999999999998,0.07895,0.39474000000000004,-inf,0.60526,Y,Y,N,N,0.06617,0.0007,N,N,1,7
3094,LOGQ,rs1195,6.29279,6.20068,6.33884,6.15463,6.38489,Y,Y,N,N,0.0,0.01184,N,N,1,34
3095,LOGZ,rs1195,-0.7108,-0.96375,-0.45783999999999997,-1.21671,-0.20488,Y,Y,N,N,0.01461,0.0001,N,N,1,14
3096,AGNFRAC,rs1196,1.0,0.39474000000000004,0.94737,0.10525999999999999,inf,N,Y,N,Y,0.009179999999999999,0.10849,N,N,1,38
3097,LOGQ,rs1196,6.20068,6.062530000000001,6.29279,5.8783199999999995,6.38489,Y,Y,N,N,0.00022999999999999998,0.01681,N,N,1,32
3098,LOGZ,rs1196,-1.04807,-1.17455,-0.41568,-inf,-0.07841000000000001,Y,Y,N,N,0.08977,0.00118,N,N,1,6
3099,AGNFRAC,rs1197,0.0,-inf,0.07895,-inf,0.15789,Y,Y,Y,N,0.67808,0.0,Y,N,1,0
3100,LOGQ,rs1197,6.15463,6.10858,6.24674,6.062530000000001,6.29279,Y,Y,N,N,0.0,8e-05,N,N,1,31
3101,LOGZ,rs1197,-0.03625,-0.16272,0.09022999999999999,-0.2892,0.21670999999999999,Y,Y,N,N,0.0,0.007370000000000001,N,N,1,30
3147,AGNFRAC,rs1236,0.052629999999999996,0.02632,0.31579,-inf,0.52632,Y,Y,Y,N,0.19719,0.00045999999999999996,N,N,1,2
3148,LOGQ,rs1236,6.20068,6.062530000000001,6.29279,5.97042,6.33884,Y,Y,N,N,0.0,0.00033999999999999997,N,N,1,32
3149,LOGZ,rs1236,-1.00591,-1.21671,-0.66864,-inf,-0.41568,Y,Y,N,N,0.10544,0.0,N,N,1,7
3153,AGNFRAC,rs1242,0.052629999999999996,0.02632,0.18420999999999998,-inf,0.28947,Y,Y,Y,N,0.3117,1e-05,N,N,1,2
3154,LOGQ,rs1242,6.01647,5.92437,6.10858,5.83226,6.20068,Y,Y,N,N,0.0,1e-05,N,N,1,28
3155,LOGZ,rs1242,0.09022999999999999,-0.12055999999999999,0.17455,-0.2892,0.25887,Y,Y,N,N,0.0,0.04793,N,N,1,33
3183,AGNFRAC,rs1263,0.0,0.02632,0.31579,-inf,0.65789,N,Y,Y,N,0.254,0.00209,N,N,1,0
3184,LOGQ,rs1263,6.15463,6.01647,6.24674,5.92437,6.29279,Y,Y,N,N,0.0,1e-05,N,N,1,31
3185,LOGZ,rs1263,-1.30103,-1.2588700000000002,-0.7529600000000001,-inf,-0.45783999999999997,N,Y,Y,N,0.18785,1e-05,N,N,1,0
3210,AGNFRAC,rs1280,0.0,-inf,0.18420999999999998,-inf,0.34210999999999997,Y,Y,Y,N,0.40414,0.0001,N,N,1,0
3211,LOGQ,rs1280,5.8783199999999995,5.78621,5.97042,5.69411,6.062530000000001,Y,Y,N,N,0.0,0.0,N,N,1,25
3212,LOGZ,rs1280,-0.5,-0.7951199999999999,-0.2892,-1.13239,-0.07841000000000001,Y,Y,N,N,0.01053,0.00013000000000000002,N,N,1,19
3219,AGNFRAC,rs1283,0.0,-inf,0.26316,-inf,0.63158,Y,Y,Y,N,0.34856,0.00251,N,N,1,0
3220,LOGQ,rs1283,6.15463,5.97042,6.20068,5.83226,6.24674,Y,Y,N,N,0.0,0.0,N,N,1,31
3221,LOGZ,rs1283,-1.30103,-1.2588700000000002,-0.66864,-inf,-0.41568,N,Y,Y,N,0.16565,2.9999999999999997e-05,N,N,1,0
3240,AGNFRAC,rs1292,0.0,-inf,0.18420999999999998,-inf,0.34210999999999997,Y,Y,Y,N,0.46031000000000005,7e-05,N,N,1,0
3241,LOGQ,rs1292,6.29279,6.15463,6.38489,6.01647,6.43095,Y,Y,N,N,0.0,0.08269,N,N,1,34
3242,LOGZ,rs1292,-0.5421600000000001,-0.87944,-0.16272,-1.21671,0.09022999999999999,Y,Y,N,N,0.0159,0.00156,N,N,1,18
3258,AGNFRAC,rs1298,0.0,-inf,0.15789,-inf,0.34210999999999997,Y,Y,Y,N,0.4619,0.00011999999999999999,N,N,1,0
3259,LOGQ,rs1298,6.10858,5.97042,6.20068,5.8783199999999995,6.24674,Y,Y,N,N,0.0,0.0,N,N,1,30
3260,LOGZ,rs1298,-0.7108,-1.17455,-0.5421600000000001,-inf,-0.2892,Y,Y,N,N,0.0915,8e-05,N,N,2,14
3261,AGNFRAC,rs1299,0.0,-inf,0.10525999999999999,-inf,0.21053000000000002,Y,Y,Y,N,0.61543,0.0,Y,N,1,0
3262,LOGQ,rs1299,5.78621,5.7401599999999995,5.8783199999999995,5.69411,5.97042,Y,Y,N,N,0.0,0.0,N,N,1,23
3263,LOGZ,rs1299,-0.5,-0.7108,-0.20488,-1.09023,0.00591,Y,Y,N,N,0.00605,0.0007099999999999999,N,N,1,19
3264,AGNFRAC,rs1300,0.5526300000000001,0.42105,0.78947,0.31579,0.94737,Y,Y,N,N,0.0,0.02252,N,N,1,21
3265,LOGQ,rs1300,6.15463,6.062530000000001,6.24674,5.97042,6.29279,Y,Y,N,N,0.0,0.0,N,N,1,31
3266,LOGZ,rs1300,0.17455,-0.03625,0.21670999999999999,-0.16272,0.25887,Y,Y,N,Y,0.0,0.08026,N,N,1,35
3288,AGNFRAC,rs1364,1.0,0.94737,inf,0.92105,inf,Y,Y,N,Y,0.0,0.9200799999999999,N,Y,1,38
3289,LOGQ,rs1364,5.41779,5.32568,5.50989,5.23358,5.602,Y,Y,N,N,0.0,0.0,N,N,1,15
3290,LOGZ,rs1364,0.30103,0.21670999999999999,inf,0.17455,inf,Y,Y,N,Y,0.0,0.96759,N,Y,1,38
3291,AGNFRAC,rs1368,0.0,-inf,0.13158,-inf,0.23684000000000002,Y,Y,Y,N,0.59558,4e-05,Y,N,1,0
3292,LOGQ,rs1368,5.602,5.187530000000001,5.69411,4.91121,5.8783199999999995,Y,Y,N,N,0.00945,0.0,N,N,1,19
3293,LOGZ,rs1368,0.00591,-0.2892,0.13239,-0.62648,0.21670999999999999,Y,Y,N,N,0.00112,0.006809999999999999,N,N,1,31
